timestamp,latitude,longitude,crime_type,severity,resolved,incident_id,district,city
2025-04-30 20:28:12.551590,28.518828988810313,77.23515206095018,Theft,Medium,True,INC_000000,District_8,Delhi
2025-04-18 19:28:12.551590,28.672119724894547,77.22391243252828,Fraud,Medium,True,INC_000001,District_7,Delhi
2025-01-02 23:28:12.551590,28.665279450730768,77.17530774879366,Fraud,High,True,INC_000002,District_3,Delhi
2023-12-27 05:28:12.551590,28.53899080066773,77.24598096080649,Theft,High,True,INC_000003,District_8,Delhi
2024-12-31 22:28:12.551590,28.536778983486737,77.25477355026896,Vehicle Crime,High,True,INC_000004,District_1,Delhi
2024-10-20 16:28:12.551590,28.64206621169788,77.27232666453564,Vehicle Crime,Medium,False,INC_000005,District_3,Delhi
2024-12-03 20:28:12.551590,28.682261066955494,77.24054898978507,Assault,High,True,INC_000006,District_6,Delhi
2024-12-27 04:28:12.551590,28.54068643068504,77.2608202014756,Assault,Low,False,INC_000007,District_11,Delhi
2024-03-10 11:28:12.551590,28.51891703754962,77.25041224969743,Assault,High,True,INC_000008,District_6,Delhi
2024-03-20 05:28:12.551590,28.64634460163579,77.2713238044498,Fraud,Low,True,INC_000009,District_8,Delhi
2023-12-08 13:28:12.551590,28.66246909713569,77.16679639541096,Assault,Medium,True,INC_000010,District_6,Delhi
2024-05-17 06:28:12.551590,28.5867911310277,77.11189102524776,Fraud,Low,True,INC_000011,District_6,Delhi
2024-07-09 15:28:12.551590,28.634531089196688,77.263359684899,Vandalism,Low,True,INC_000012,District_10,Delhi
2024-05-24 18:28:12.551590,28.539318877809443,77.24497221871397,Assault,High,True,INC_000013,District_3,Delhi
2025-06-06 17:28:12.551590,28.531015674986268,77.23674661490634,Theft,Low,True,INC_000014,District_8,Delhi
2025-01-05 12:28:12.551590,28.53778736476154,77.2537283339576,Vandalism,High,False,INC_000015,District_2,Delhi
2025-05-18 08:28:12.551590,28.659059540819,77.16521932447644,Fraud,High,True,INC_000016,District_1,Delhi
2025-07-17 12:28:12.551590,28.5317111082121,77.23052761600492,Vehicle Crime,Low,True,INC_000017,District_4,Delhi
2025-01-01 07:28:12.551590,28.450525102515265,77.21512191659028,Vehicle Crime,Medium,False,INC_000018,District_4,Delhi
2023-12-30 07:28:12.551590,28.540783382660134,77.25199428886135,Theft,Medium,False,INC_000019,District_3,Delhi
2025-07-01 18:28:12.551590,28.599562137220264,77.12213936387903,Vandalism,Medium,True,INC_000020,District_11,Delhi
2025-06-18 19:28:12.551590,28.656838429382216,77.16492770270202,Fraud,Low,False,INC_000021,District_9,Delhi
2024-08-02 02:28:12.551590,28.43050620846939,77.41531353826882,Theft,Low,True,INC_000022,District_1,Delhi
2025-06-02 21:28:12.551590,28.625900811879383,77.2636399406167,Theft,Low,True,INC_000023,District_2,Delhi
2023-10-10 02:28:12.551590,28.752281657400818,77.36543710907128,Assault,High,True,INC_000024,District_11,Delhi
2024-12-17 20:28:12.551590,28.52509129550752,77.2462854341783,Fraud,High,True,INC_000025,District_11,Delhi
2024-04-18 06:28:12.551590,28.59689877210963,77.00246104831186,Burglary,Medium,True,INC_000026,District_6,Delhi
2023-12-14 22:28:12.551590,28.654223738931005,77.17163309924341,Assault,Low,True,INC_000027,District_8,Delhi
2024-12-11 21:28:12.551590,28.62790519731505,77.27109398464984,Assault,High,True,INC_000028,District_9,Delhi
2025-03-23 02:28:12.551590,28.5154956029729,77.24679282942154,Burglary,Low,True,INC_000029,District_3,Delhi
2023-12-22 04:28:12.551590,28.644754003125698,77.18411100375508,Theft,Low,True,INC_000030,District_4,Delhi
2024-05-05 11:28:12.551590,28.67338274793065,77.18991134629557,Burglary,High,False,INC_000031,District_8,Delhi
2024-06-27 13:28:12.551590,28.629894247462992,77.35352270688102,Assault,Low,True,INC_000032,District_6,Delhi
2023-11-13 14:28:12.551590,28.66282340351308,77.17991769447072,Burglary,Medium,True,INC_000033,District_7,Delhi
2025-03-12 06:28:12.551590,28.65297953071764,77.1744513720394,Theft,Low,True,INC_000034,District_5,Delhi
2025-06-27 10:28:12.551590,28.552774214877452,77.493361710561,Vehicle Crime,Medium,True,INC_000035,District_11,Delhi
2025-04-20 13:28:12.551590,28.534965298238095,77.2520109349459,Theft,High,True,INC_000036,District_3,Delhi
2025-01-18 20:28:12.551590,28.704977954878583,77.07303411376255,Fraud,High,True,INC_000037,District_6,Delhi
2024-12-29 14:28:12.551590,28.45352811563424,77.20393341791679,Vehicle Crime,Low,True,INC_000038,District_7,Delhi
2023-12-26 00:28:12.551590,28.637017103967718,77.2790222888698,Vehicle Crime,Medium,True,INC_000039,District_7,Delhi
2023-11-06 08:28:12.551590,28.549465258456948,77.24672847100938,Assault,High,True,INC_000040,District_10,Delhi
2025-06-08 18:28:12.551590,28.64911655012783,77.18618646229483,Theft,Low,False,INC_000041,District_2,Delhi
2024-10-09 00:28:12.551590,28.688830406245458,77.18542272364611,Burglary,Medium,False,INC_000042,District_7,Delhi
2024-01-18 09:28:12.551590,28.803448390119854,77.20752888379783,Vehicle Crime,High,True,INC_000043,District_4,Delhi
2024-08-26 21:28:12.551590,28.639142941113683,77.2330962681555,Burglary,Low,False,INC_000044,District_9,Delhi
2024-01-10 00:28:12.551590,28.846101912457687,77.12706433649508,Vehicle Crime,Low,True,INC_000045,District_5,Delhi
2025-05-26 00:28:12.551590,28.631772723294926,77.06751342841542,Theft,High,True,INC_000046,District_2,Delhi
2025-06-27 01:28:12.551590,28.611750304040267,77.2667745226982,Vandalism,Medium,True,INC_000047,District_8,Delhi
2024-11-05 16:28:12.551590,28.530143274844935,77.24915638488321,Theft,High,True,INC_000048,District_6,Delhi
2024-08-25 05:28:12.551590,28.527054523108177,77.08596833756879,Vandalism,Medium,True,INC_000049,District_4,Delhi
2024-09-05 10:28:12.551590,28.500676147868948,77.2895942397279,Theft,Low,True,INC_000050,District_2,Delhi
2024-08-16 16:28:12.551590,28.550087500738762,77.19867056658133,Fraud,Medium,True,INC_000051,District_4,Delhi
2024-12-05 14:28:12.551590,28.61169057754677,77.28237605841646,Theft,Low,False,INC_000052,District_7,Delhi
2024-02-14 21:28:12.551590,28.528750195153698,77.12752751869223,Theft,Low,False,INC_000053,District_7,Delhi
2023-11-23 20:28:12.551590,28.57345491933889,77.12033622969446,Assault,Medium,True,INC_000054,District_11,Delhi
2025-07-25 05:28:12.551590,28.527170739842795,77.24683572981418,Vandalism,Low,True,INC_000055,District_11,Delhi
2024-08-22 11:28:12.551590,28.515330297123032,77.24164759741818,Vandalism,High,True,INC_000056,District_11,Delhi
2025-04-07 08:28:12.551590,28.635488938155596,77.2754813111788,Vehicle Crime,Low,True,INC_000057,District_11,Delhi
2025-04-04 22:28:12.551590,28.778562424531103,77.07117292752254,Theft,High,True,INC_000058,District_9,Delhi
2025-08-03 16:28:12.551590,28.59691296795611,77.47923989755178,Burglary,High,False,INC_000059,District_11,Delhi
2024-11-14 02:28:12.551590,28.638439361509718,77.15606473823738,Assault,Low,True,INC_000060,District_10,Delhi
2024-12-14 22:28:12.551590,28.794685099376828,77.24818836680595,Burglary,Medium,True,INC_000061,District_2,Delhi
2023-12-09 20:28:12.551590,28.493083519229433,77.21582165136782,Vehicle Crime,High,False,INC_000062,District_2,Delhi
2024-11-17 01:28:12.551590,28.62224065357352,77.26983576897722,Theft,Medium,True,INC_000063,District_7,Delhi
2024-01-12 22:28:12.551590,28.63728228763147,77.26300596582114,Assault,Medium,True,INC_000064,District_11,Delhi
2023-09-09 07:28:12.551590,28.629053364508085,77.26296507502039,Vehicle Crime,Low,False,INC_000065,District_10,Delhi
2025-05-01 03:28:12.551590,28.49146762314738,77.23975256425055,Vehicle Crime,Medium,True,INC_000066,District_5,Delhi
2025-05-12 15:28:12.551590,28.658422660537262,77.17743995695989,Theft,Medium,True,INC_000067,District_5,Delhi
2023-09-17 23:28:12.551590,28.679503355671542,77.06178993830753,Assault,Medium,False,INC_000068,District_4,Delhi
2024-05-05 12:28:12.551590,28.534480939345965,77.25177148834771,Assault,Low,False,INC_000069,District_11,Delhi
2025-06-11 20:28:12.551590,28.634057794071374,77.27799645012314,Vandalism,Low,True,INC_000070,District_9,Delhi
2024-06-06 17:28:12.551590,28.66260428544087,77.165460872555,Theft,Medium,True,INC_000071,District_4,Delhi
2024-12-25 06:28:12.551590,28.677485823608666,77.16971770891237,Burglary,High,True,INC_000072,District_1,Delhi
2025-03-17 01:28:12.551590,28.43990784317575,77.06490803723246,Vandalism,High,False,INC_000073,District_11,Delhi
2023-12-06 23:28:12.551590,28.631799849223007,77.26256539015438,Vehicle Crime,High,True,INC_000074,District_11,Delhi
2025-04-08 20:28:12.551590,28.42860010298898,77.32792953994966,Assault,Low,True,INC_000075,District_5,Delhi
2024-08-02 08:28:12.551590,28.533435232561548,77.25998772470396,Theft,High,True,INC_000076,District_4,Delhi
2024-05-26 11:28:12.551590,28.66201311205441,77.18645531576198,Theft,Medium,True,INC_000077,District_10,Delhi
2025-04-26 19:28:12.551590,28.659064410129876,77.19402936798852,Theft,Medium,True,INC_000078,District_1,Delhi
2023-10-31 13:28:12.551590,28.63232596972002,77.16079066480953,Burglary,Low,True,INC_000079,District_6,Delhi
2024-12-02 11:28:12.551590,28.77006057049839,77.2907020644664,Burglary,Medium,True,INC_000080,District_4,Delhi
2023-09-02 04:28:12.551590,28.69856899152447,77.05753483014718,Vandalism,Medium,True,INC_000081,District_11,Delhi
2024-12-03 15:28:12.551590,28.707479112528976,77.08749459267224,Vandalism,Low,False,INC_000082,District_7,Delhi
2024-09-08 09:28:12.551590,28.633248324100723,77.26750214889452,Vandalism,Low,False,INC_000083,District_3,Delhi
2025-01-17 20:28:12.551590,28.66872399882654,77.18639914839319,Theft,Low,True,INC_000084,District_11,Delhi
2023-12-30 09:28:12.551590,28.550898906011795,77.25858257900447,Assault,High,True,INC_000085,District_7,Delhi
2024-07-24 18:28:12.551590,28.63304037977769,77.2585402556014,Fraud,Medium,True,INC_000086,District_11,Delhi
2024-09-02 23:28:12.551590,28.659566742614974,77.18447966036393,Assault,Low,True,INC_000087,District_7,Delhi
2024-05-18 00:28:12.551590,28.491256011340063,77.19776971867958,Vandalism,High,True,INC_000088,District_7,Delhi
2023-11-29 20:28:12.551590,28.526908358814648,77.25507673536922,Vandalism,High,False,INC_000089,District_8,Delhi
2023-10-14 11:28:12.551590,28.67209658556739,77.18266186937228,Burglary,High,False,INC_000090,District_10,Delhi
2025-05-26 14:28:12.551590,28.63214245330603,77.2719147267753,Vandalism,High,True,INC_000091,District_11,Delhi
2024-02-01 20:28:12.551590,28.340680814009318,77.19637477231278,Burglary,Low,True,INC_000092,District_11,Delhi
2025-08-04 05:28:12.551590,28.653197864522618,77.16025159935572,Vandalism,Low,True,INC_000093,District_10,Delhi
2023-10-13 14:28:12.551590,28.462984240183626,77.2243199504527,Fraud,High,True,INC_000094,District_4,Delhi
2023-09-08 13:28:12.551590,28.62860875101827,77.26719194087045,Vandalism,Low,True,INC_000095,District_8,Delhi
2025-06-03 04:28:12.551590,28.798612881609642,77.00198236598563,Assault,Medium,False,INC_000096,District_8,Delhi
2023-09-04 14:28:12.551590,28.640776712322438,77.26735368439874,Theft,Medium,True,INC_000097,District_1,Delhi
2025-02-17 16:28:12.551590,28.627322182676995,77.25565928915714,Fraud,Medium,False,INC_000098,District_6,Delhi
2024-12-15 20:28:12.551590,28.635704536716094,77.26677929270376,Burglary,Medium,True,INC_000099,District_1,Delhi
2023-10-22 22:28:12.551590,28.740408454377445,77.49242025150141,Theft,High,True,INC_000100,District_10,Delhi
2024-01-07 18:28:12.551590,28.547616063719293,77.25026701431926,Fraud,Low,False,INC_000101,District_3,Delhi
2025-05-07 18:28:12.551590,28.52862034779033,77.27692905944312,Vehicle Crime,Low,True,INC_000102,District_9,Delhi
2024-08-24 21:28:12.551590,28.649913329106354,77.47528005806335,Fraud,Low,True,INC_000103,District_5,Delhi
2024-08-09 20:28:12.551590,28.66210853781604,77.17342833041386,Burglary,Medium,True,INC_000104,District_10,Delhi
2025-04-02 05:28:12.551590,28.672235900248847,77.176824647455,Fraud,Medium,False,INC_000105,District_3,Delhi
2023-11-16 23:28:12.551590,28.543763643926592,77.2563844382517,Vandalism,Medium,True,INC_000106,District_11,Delhi
2024-02-24 00:28:12.551590,28.784496740374326,77.18932429395586,Fraud,High,True,INC_000107,District_5,Delhi
2024-09-01 20:28:12.551590,28.660504531986096,77.17666181948718,Fraud,Medium,True,INC_000108,District_1,Delhi
2024-07-08 13:28:12.551590,28.628056211522328,77.29234944028256,Vandalism,Low,False,INC_000109,District_1,Delhi
2025-06-05 09:28:12.551590,28.862137266498994,77.26345127645514,Vehicle Crime,High,True,INC_000110,District_11,Delhi
2024-08-30 10:28:12.551590,28.660347564435025,77.18507910181667,Fraud,Medium,True,INC_000111,District_10,Delhi
2024-04-07 04:28:12.551590,28.535368302735918,77.22305907325205,Burglary,High,False,INC_000112,District_5,Delhi
2025-08-17 23:28:12.551590,28.638376501981643,77.27410017491906,Fraud,Medium,True,INC_000113,District_11,Delhi
2024-04-08 12:28:12.551590,28.527704710230132,77.23648722370581,Fraud,Medium,True,INC_000114,District_6,Delhi
2025-06-04 07:28:12.551590,28.642787798045227,77.27341944705584,Vandalism,High,True,INC_000115,District_11,Delhi
2024-11-12 22:28:12.551590,28.626236711885383,77.26987606916659,Vehicle Crime,Low,False,INC_000116,District_3,Delhi
2024-07-30 22:28:12.551590,28.65107773839426,77.16537685798544,Vehicle Crime,Low,False,INC_000117,District_1,Delhi
2025-05-10 13:28:12.551590,28.528312135922608,77.16481270658966,Assault,Medium,True,INC_000118,District_3,Delhi
2024-09-28 14:28:12.551590,28.681381815280684,77.1699084729317,Vehicle Crime,High,True,INC_000119,District_4,Delhi
2025-04-08 00:28:12.551590,28.558112761993115,77.15572331518284,Theft,Medium,False,INC_000120,District_1,Delhi
2024-07-10 22:28:12.551590,28.53649472021611,77.25067495034868,Fraud,Medium,False,INC_000121,District_10,Delhi
2024-01-15 19:28:12.551590,28.648872313208194,77.17225470666752,Assault,Medium,True,INC_000122,District_7,Delhi
2025-02-21 17:28:12.551590,28.521576225068443,77.24751323992923,Theft,Medium,True,INC_000123,District_2,Delhi
2025-01-21 14:28:12.551590,28.598960037911723,77.11478917589172,Burglary,High,True,INC_000124,District_4,Delhi
2023-12-07 05:28:12.551590,28.5360439973188,77.24818754840149,Theft,Low,True,INC_000125,District_11,Delhi
2024-10-24 19:28:12.551590,28.62958351155962,77.27112420275925,Burglary,Medium,False,INC_000126,District_1,Delhi
2023-10-02 02:28:12.551590,28.5233544887845,77.23134740780633,Theft,High,True,INC_000127,District_7,Delhi
2024-09-17 15:28:12.551590,28.55826877748239,77.34959353366999,Burglary,Low,True,INC_000128,District_2,Delhi
2024-03-07 23:28:12.551590,28.52633236421197,77.27360651442771,Burglary,High,True,INC_000129,District_9,Delhi
2024-08-19 00:28:12.551590,28.669493965658518,77.18085422207214,Burglary,Medium,True,INC_000130,District_10,Delhi
2024-12-24 07:28:12.551590,28.661362253112102,77.18846143373841,Vehicle Crime,Low,True,INC_000131,District_8,Delhi
2025-03-23 01:28:12.551590,28.527526975953148,77.24028457979391,Vehicle Crime,Medium,True,INC_000132,District_5,Delhi
2025-01-13 18:28:12.551590,28.541223898205,77.22814409953818,Theft,Medium,False,INC_000133,District_2,Delhi
2024-06-01 06:28:12.551590,28.607897717944724,77.22978894926207,Vandalism,Medium,False,INC_000134,District_5,Delhi
2025-05-06 03:28:12.551590,28.661941862554915,77.17487365610585,Burglary,High,True,INC_000135,District_11,Delhi
2024-08-30 16:28:12.551590,28.539485787956167,77.24989313196319,Assault,Low,True,INC_000136,District_2,Delhi
2023-11-11 21:28:12.551590,28.544685005215346,77.26827835813877,Theft,Low,True,INC_000137,District_3,Delhi
2025-05-09 06:28:12.551590,28.61062936124207,77.09118040715882,Assault,High,True,INC_000138,District_2,Delhi
2023-11-20 16:28:12.551590,28.908490550544272,77.08563848125445,Vandalism,Low,True,INC_000139,District_11,Delhi
2025-08-17 14:28:12.551590,28.62442390216605,77.23970907177397,Theft,Medium,True,INC_000140,District_5,Delhi
2025-04-28 19:28:12.551590,28.634891780062713,77.26857312395121,Fraud,Medium,True,INC_000141,District_3,Delhi
2023-09-12 22:28:12.551590,28.542165398517042,77.2551811733701,Theft,Medium,True,INC_000142,District_2,Delhi
2025-01-18 19:28:12.551590,28.643368588972187,77.2671639933983,Vandalism,Low,False,INC_000143,District_7,Delhi
2024-08-24 14:28:12.551590,28.66737265045808,77.1832806302005,Burglary,Medium,True,INC_000144,District_9,Delhi
2024-12-31 21:28:12.551590,28.673934461609527,77.34634818365528,Burglary,Medium,True,INC_000145,District_1,Delhi
2024-10-22 21:28:12.551590,28.520364464510255,77.25842157101383,Theft,Low,False,INC_000146,District_10,Delhi
2025-06-22 11:28:12.551590,28.62748778184631,77.28159171448218,Vehicle Crime,High,False,INC_000147,District_5,Delhi
2024-07-15 10:28:12.551590,28.67351310226135,77.343298356187,Burglary,Medium,True,INC_000148,District_7,Delhi
2024-11-08 08:28:12.551590,28.466805447582548,77.37934301869129,Burglary,Medium,True,INC_000149,District_3,Delhi
2023-09-27 08:28:12.551590,28.615640579807266,77.14365397281743,Fraud,Low,True,INC_000150,District_8,Delhi
2024-10-22 02:28:12.551590,28.672010044633126,77.18092855432769,Burglary,Medium,True,INC_000151,District_1,Delhi
2024-08-03 16:28:12.551590,28.72761863786776,77.16716997845737,Fraud,High,False,INC_000152,District_9,Delhi
2024-12-13 11:28:12.551590,28.589079883739057,77.30255323732584,Assault,Low,False,INC_000153,District_4,Delhi
2023-11-25 03:28:12.551590,28.72119356697631,77.13221113863932,Fraud,Low,False,INC_000154,District_9,Delhi
2024-12-04 06:28:12.551590,28.61614938676849,77.26656989342591,Fraud,High,False,INC_000155,District_4,Delhi
2025-07-09 00:28:12.551590,28.689786769627027,77.2736200816357,Vandalism,Low,False,INC_000156,District_6,Delhi
2025-07-30 01:28:12.551590,28.64488920534737,77.25928536875064,Burglary,Low,False,INC_000157,District_2,Delhi
2024-02-08 23:28:12.551590,28.52681173843914,77.25072068990761,Assault,High,True,INC_000158,District_4,Delhi
2024-01-15 16:28:12.551590,28.46442890247028,77.31026118880501,Assault,Medium,True,INC_000159,District_6,Delhi
2024-05-31 09:28:12.551590,28.557014534631808,77.4162782637025,Fraud,High,True,INC_000160,District_1,Delhi
2024-02-01 02:28:12.551590,28.625314420073416,77.28557097474669,Burglary,Medium,False,INC_000161,District_8,Delhi
2025-05-09 15:28:12.551590,28.537778170521772,77.2323737346519,Vehicle Crime,Medium,True,INC_000162,District_8,Delhi
2024-09-09 22:28:12.551590,28.65827614094023,77.1757430820386,Vandalism,Medium,True,INC_000163,District_1,Delhi
2024-03-11 16:28:12.551590,28.635637838317056,77.27782154689706,Fraud,Medium,True,INC_000164,District_1,Delhi
2025-01-08 22:28:12.551590,28.530500162752233,77.24964735115859,Fraud,High,True,INC_000165,District_8,Delhi
2025-02-22 21:28:12.551590,28.56317490168363,77.25336514596758,Fraud,Low,True,INC_000166,District_3,Delhi
2023-12-02 11:28:12.551590,28.666709591299213,77.16792511184592,Burglary,Low,False,INC_000167,District_3,Delhi
2024-01-18 04:28:12.551590,28.617860315164055,77.25988869904305,Burglary,Medium,False,INC_000168,District_9,Delhi
2025-07-23 16:28:12.551590,28.742402809511717,77.2116241761051,Burglary,Low,False,INC_000169,District_2,Delhi
2024-07-09 11:28:12.551590,28.52032693516746,77.2641187361559,Fraud,High,False,INC_000170,District_3,Delhi
2023-08-27 19:28:12.551590,28.749377668914732,77.46326519757598,Fraud,Medium,False,INC_000171,District_4,Delhi
2025-04-06 02:28:12.551590,28.83430572848728,77.1672876641597,Fraud,Medium,True,INC_000172,District_1,Delhi
2023-09-21 18:28:12.551590,28.53332157377076,77.25437829905101,Theft,High,True,INC_000173,District_9,Delhi
2025-02-20 23:28:12.551590,28.61492639700008,76.92365883483191,Fraud,Medium,True,INC_000174,District_2,Delhi
2025-07-21 07:28:12.551590,28.66931092428338,77.17933964494844,Vandalism,High,True,INC_000175,District_10,Delhi
2025-04-19 11:28:12.551590,28.67526590580357,77.17673070581398,Vandalism,Low,True,INC_000176,District_9,Delhi
2024-08-13 08:28:12.551590,28.632157428758358,77.26381763594122,Fraud,Low,False,INC_000177,District_6,Delhi
2025-06-07 14:28:12.551590,28.66115748143148,77.2303363435818,Assault,High,True,INC_000178,District_1,Delhi
2023-09-21 22:28:12.551590,28.55138489657099,77.27029577617508,Burglary,Medium,False,INC_000179,District_2,Delhi
2024-09-03 10:28:12.551590,28.64247648719684,77.26355503970277,Assault,High,True,INC_000180,District_5,Delhi
2025-03-08 15:28:12.551590,28.528664769733226,77.25083062531289,Fraud,Medium,True,INC_000181,District_10,Delhi
2023-11-16 17:28:12.551590,28.649808017034317,77.27455836433903,Fraud,High,False,INC_000182,District_4,Delhi
2025-02-11 10:28:12.551590,28.537563650143202,77.23936470602139,Fraud,Low,False,INC_000183,District_7,Delhi
2023-11-10 16:28:12.551590,28.720092640526797,77.14646920184728,Theft,Medium,True,INC_000184,District_11,Delhi
2025-03-13 02:28:12.551590,28.58948712883177,77.37334940632566,Assault,Low,False,INC_000185,District_8,Delhi
2023-09-22 11:28:12.551590,28.659538604484553,77.18032114718727,Burglary,Medium,False,INC_000186,District_3,Delhi
2024-05-14 05:28:12.551590,28.693459532994254,77.05795136984467,Vehicle Crime,Low,False,INC_000187,District_5,Delhi
2024-10-15 11:28:12.551590,28.638874300670995,77.2558996020122,Vehicle Crime,Low,True,INC_000188,District_9,Delhi
2024-11-04 23:28:12.551590,28.587820692533867,77.21909885682753,Fraud,Low,True,INC_000189,District_9,Delhi
2025-06-30 23:28:12.551590,28.395600923093042,77.21782379832355,Theft,High,True,INC_000190,District_8,Delhi
2025-05-14 04:28:12.551590,28.76510488381038,76.96267652067927,Theft,High,False,INC_000191,District_6,Delhi
2023-12-04 06:28:12.551590,28.642537201297955,77.2883748319163,Vandalism,High,True,INC_000192,District_4,Delhi
2023-10-05 16:28:12.551590,28.646480140797646,77.28091944560977,Burglary,Low,False,INC_000193,District_3,Delhi
2025-04-02 23:28:12.551590,28.671276721329185,77.19565376290909,Theft,Low,True,INC_000194,District_11,Delhi
2024-04-22 10:28:12.551590,28.628132175446915,77.27105271050165,Assault,Medium,True,INC_000195,District_6,Delhi
2024-01-03 10:28:12.551590,28.63111949012334,77.26436432724392,Theft,Medium,True,INC_000196,District_9,Delhi
2024-07-12 18:28:12.551590,28.63390971126091,77.26269869778403,Vandalism,Low,True,INC_000197,District_4,Delhi
2024-09-24 17:28:12.551590,28.593172800687313,77.15098986920685,Assault,High,True,INC_000198,District_6,Delhi
2024-02-15 01:28:12.551590,28.512608897679694,77.24240462683915,Theft,Low,True,INC_000199,District_10,Delhi
2025-01-09 06:28:12.551590,28.826450108979632,77.19566198343009,Assault,Medium,True,INC_000200,District_2,Delhi
2025-02-06 06:28:12.551590,28.540997902532276,77.19678269498519,Assault,High,True,INC_000201,District_7,Delhi
2025-06-01 21:28:12.551590,28.76540801041982,77.1476059045904,Vandalism,Medium,True,INC_000202,District_2,Delhi
2025-02-24 00:28:12.551590,28.64274884253255,77.16481845945916,Fraud,Medium,True,INC_000203,District_2,Delhi
2024-11-28 09:28:12.551590,28.532911531152067,77.26116695290413,Vandalism,High,False,INC_000204,District_7,Delhi
2025-02-02 11:28:12.551590,28.670051581963893,77.18321851440676,Theft,High,True,INC_000205,District_3,Delhi
2025-04-11 17:28:12.551590,28.672739659793795,77.17821714322548,Burglary,Medium,False,INC_000206,District_5,Delhi
2024-04-13 20:28:12.551590,28.675820071440068,77.17910679820288,Vandalism,Medium,True,INC_000207,District_6,Delhi
2025-01-06 04:28:12.551590,28.52849940056261,77.24591155309889,Theft,High,True,INC_000208,District_4,Delhi
2024-04-09 21:28:12.551590,28.667079766072547,77.17551765768654,Assault,Medium,True,INC_000209,District_5,Delhi
2024-03-19 21:28:12.551590,28.742141130048708,76.99859851758926,Vandalism,Medium,True,INC_000210,District_6,Delhi
2024-07-07 11:28:12.551590,28.52300758641751,77.25464832351412,Fraud,High,False,INC_000211,District_7,Delhi
2025-08-10 23:28:12.551590,28.44832164142442,77.291602491661,Vehicle Crime,Low,True,INC_000212,District_1,Delhi
2024-03-04 01:28:12.551590,28.554571127213833,77.25149810464613,Fraud,Medium,True,INC_000213,District_6,Delhi
2025-03-16 06:28:12.551590,28.55254858953928,77.24998953979063,Burglary,Medium,False,INC_000214,District_11,Delhi
2024-03-15 10:28:12.551590,28.64035360244245,77.38870660438467,Vandalism,High,True,INC_000215,District_7,Delhi
2025-02-11 22:28:12.551590,28.666163867276975,77.15882977437148,Vandalism,High,True,INC_000216,District_4,Delhi
2025-04-16 23:28:12.551590,28.674953614133663,77.20251838228184,Theft,Low,False,INC_000217,District_7,Delhi
2025-01-18 16:28:12.551590,28.715198924065966,77.18070705293029,Burglary,Low,True,INC_000218,District_9,Delhi
2025-06-30 20:28:12.551590,28.648132191327363,77.4179492262742,Fraud,High,True,INC_000219,District_1,Delhi
2024-09-28 00:28:12.551590,28.534132251481658,77.2537733557364,Theft,Low,True,INC_000220,District_2,Delhi
2024-04-15 18:28:12.551590,28.63803686742044,77.2713785255475,Vehicle Crime,Low,False,INC_000221,District_3,Delhi
2024-09-09 10:28:12.551590,28.63459767141161,77.34892486557152,Assault,High,False,INC_000222,District_6,Delhi
2025-06-12 12:28:12.551590,28.64835740541811,77.09728082760085,Theft,High,False,INC_000223,District_11,Delhi
2025-06-19 18:28:12.551590,28.63979050135473,77.25897331354545,Assault,High,False,INC_000224,District_5,Delhi
2024-04-13 02:28:12.551590,28.537816382444845,77.24775951577433,Vandalism,Low,True,INC_000225,District_10,Delhi
2025-05-06 16:28:12.551590,28.672307058258273,77.18281755395122,Fraud,Low,True,INC_000226,District_10,Delhi
2024-08-31 09:28:12.551590,28.551337113987476,77.2190807340096,Assault,High,True,INC_000227,District_8,Delhi
2024-07-06 12:28:12.551590,28.635977114315054,77.28107125710294,Vehicle Crime,Low,False,INC_000228,District_2,Delhi
2023-10-07 14:28:12.551590,28.63706591228231,77.26909178767792,Vehicle Crime,High,True,INC_000229,District_3,Delhi
2024-06-05 19:28:12.551590,28.541436146642372,77.23545735389874,Theft,Low,True,INC_000230,District_3,Delhi
2024-02-10 06:28:12.551590,28.6482019416446,77.26281004551494,Vandalism,Medium,True,INC_000231,District_2,Delhi
2024-09-07 01:28:12.551590,28.356085143493644,77.11050606902579,Burglary,Medium,True,INC_000232,District_4,Delhi
2023-12-21 21:28:12.551590,28.521370377062887,77.24349458609629,Fraud,High,True,INC_000233,District_3,Delhi
2024-05-19 12:28:12.551590,28.67949776304227,77.2036575804778,Vandalism,Low,True,INC_000234,District_9,Delhi
2025-04-14 13:28:12.551590,28.541857739851178,77.24986723522255,Vandalism,Low,True,INC_000235,District_5,Delhi
2023-08-30 16:28:12.551590,28.781631581235928,77.28773190988389,Vehicle Crime,Low,True,INC_000236,District_10,Delhi
2024-05-07 10:28:12.551590,28.665211591811502,77.00412303329519,Vehicle Crime,Medium,True,INC_000237,District_7,Delhi
2024-07-01 20:28:12.551590,28.528918030096186,77.25893297579006,Theft,Low,False,INC_000238,District_2,Delhi
2024-01-28 21:28:12.551590,28.70478327621958,77.01401890428303,Burglary,High,True,INC_000239,District_10,Delhi
2025-01-03 14:28:12.551590,28.539500407159938,77.23405896467501,Vandalism,High,True,INC_000240,District_4,Delhi
2025-03-23 03:28:12.551590,28.543757881477227,77.23610595856825,Theft,High,True,INC_000241,District_3,Delhi
2023-09-07 07:28:12.551590,28.628098692809967,77.27102151064655,Vandalism,Low,False,INC_000242,District_7,Delhi
2024-06-15 05:28:12.551590,28.64025009985799,77.25712499615811,Vehicle Crime,Medium,False,INC_000243,District_2,Delhi
2025-04-20 21:28:12.551590,28.628740445509305,77.25189274327629,Burglary,Low,True,INC_000244,District_5,Delhi
2024-10-13 04:28:12.551590,28.68506359365541,77.1849037583544,Vandalism,Medium,False,INC_000245,District_4,Delhi
2025-05-17 03:28:12.551590,28.651020799664035,77.28152730584567,Vehicle Crime,Medium,True,INC_000246,District_6,Delhi
2025-07-26 22:28:12.551590,28.668432232309893,77.18694888870803,Vehicle Crime,High,True,INC_000247,District_2,Delhi
2023-09-16 21:28:12.551590,28.51807848558813,77.32620452572277,Burglary,Medium,True,INC_000248,District_1,Delhi
2025-02-26 08:28:12.551590,28.531425625105086,77.23750790216563,Burglary,Medium,True,INC_000249,District_10,Delhi
2023-09-16 17:28:12.551590,28.52233957299597,77.21850871600131,Vandalism,High,True,INC_000250,District_8,Delhi
2023-12-15 11:28:12.551590,28.539462772679958,77.24530349663162,Theft,Low,True,INC_000251,District_8,Delhi
2024-01-12 05:28:12.551590,28.65238380688225,77.17403847951546,Vehicle Crime,Low,False,INC_000252,District_4,Delhi
2025-02-12 15:28:12.551590,28.58189429246412,77.18968187513094,Vehicle Crime,Medium,False,INC_000253,District_4,Delhi
2024-07-13 21:28:12.551590,28.630130305756076,77.27649503568941,Vandalism,High,False,INC_000254,District_8,Delhi
2025-03-01 09:28:12.551590,28.64036803623362,77.29130218485219,Vandalism,High,True,INC_000255,District_10,Delhi
2025-05-17 18:28:12.551590,28.68717708213842,77.1936924302596,Assault,Medium,True,INC_000256,District_4,Delhi
2025-03-07 04:28:12.551590,28.636608960657547,77.2677019912969,Burglary,Medium,False,INC_000257,District_5,Delhi
2025-04-09 23:28:12.551590,28.646282235704124,77.25848763823699,Burglary,Medium,False,INC_000258,District_11,Delhi
2025-04-09 07:28:12.551590,28.653311899726265,77.18066881643696,Burglary,Low,True,INC_000259,District_4,Delhi
2024-07-25 13:28:12.551590,28.6572742299806,77.32978425923197,Fraud,Low,True,INC_000260,District_10,Delhi
2025-05-09 02:28:12.551590,28.52186086522374,77.25256900573967,Burglary,Medium,False,INC_000261,District_10,Delhi
2024-05-03 17:28:12.551590,28.52527277369566,77.24563245235478,Fraud,High,True,INC_000262,District_1,Delhi
2024-08-04 14:28:12.551590,28.672131491360382,77.18840931527018,Vehicle Crime,Low,True,INC_000263,District_2,Delhi
2025-06-24 07:28:12.551590,28.5756925614845,77.19041137834542,Vehicle Crime,High,True,INC_000264,District_9,Delhi
2025-06-01 17:28:12.551590,28.539251176629268,77.25608006966725,Assault,Medium,True,INC_000265,District_3,Delhi
2024-03-12 10:28:12.551590,28.585039676024603,77.36445799051428,Assault,High,True,INC_000266,District_4,Delhi
2024-10-19 21:28:12.551590,28.537672810446406,77.23444171696683,Assault,High,False,INC_000267,District_10,Delhi
2023-09-29 18:28:12.551590,28.63312785959079,77.26778813956417,Theft,Low,True,INC_000268,District_9,Delhi
2023-10-12 23:28:12.551590,28.631847607965568,77.27119661768161,Vehicle Crime,High,False,INC_000269,District_11,Delhi
2023-10-27 10:28:12.551590,28.650728057217105,77.27433591535232,Assault,Medium,False,INC_000270,District_11,Delhi
2024-12-29 12:28:12.551590,28.62471678834891,77.19704129885213,Fraud,Medium,False,INC_000271,District_3,Delhi
2023-10-26 02:28:12.551590,28.65909102807152,77.17594768712091,Assault,Medium,True,INC_000272,District_6,Delhi
2023-12-19 17:28:12.551590,28.664319997396614,77.16701946763011,Vehicle Crime,Low,True,INC_000273,District_9,Delhi
2025-04-05 04:28:12.551590,28.654779174960463,77.18805760660007,Theft,Low,True,INC_000274,District_2,Delhi
2023-12-20 14:28:12.551590,28.65779994339979,77.19967490177613,Burglary,Low,False,INC_000275,District_5,Delhi
2024-09-25 16:28:12.551590,28.52271904834167,77.25422939753771,Theft,Medium,True,INC_000276,District_7,Delhi
2023-12-08 17:28:12.551590,28.6501067509241,77.16551318607299,Theft,High,True,INC_000277,District_5,Delhi
2024-06-16 04:28:12.551590,28.639935003488148,77.26387231849954,Burglary,Low,True,INC_000278,District_3,Delhi
2024-04-12 12:28:12.551590,28.52482924954895,77.25329807214369,Theft,High,True,INC_000279,District_2,Delhi
2024-10-26 07:28:12.551590,28.630552911039427,77.3036188986185,Vehicle Crime,Medium,False,INC_000280,District_8,Delhi
2025-08-04 03:28:12.551590,28.352261307516244,77.24385580534005,Burglary,Low,True,INC_000281,District_2,Delhi
2023-12-30 17:28:12.551590,28.627001820026535,77.25405740793668,Burglary,High,False,INC_000282,District_8,Delhi
2025-04-28 09:28:12.551590,28.65855228434997,77.18810348425376,Fraud,Low,True,INC_000283,District_4,Delhi
2024-04-21 01:28:12.551590,28.519420839019425,77.26554974371378,Assault,High,True,INC_000284,District_4,Delhi
2023-12-01 15:28:12.551590,28.66117373906671,77.16803513341178,Vehicle Crime,Low,False,INC_000285,District_4,Delhi
2025-06-19 08:28:12.551590,28.675043472781688,77.17098421486578,Vandalism,Low,True,INC_000286,District_8,Delhi
2023-10-09 18:28:12.551590,28.64415181917567,77.275090405431,Fraud,Low,True,INC_000287,District_5,Delhi
2024-05-05 11:28:12.551590,28.69911725720509,77.06647629319473,Assault,Low,False,INC_000288,District_3,Delhi
2024-12-14 07:28:12.551590,28.531322151146387,77.25211186610231,Vandalism,Low,True,INC_000289,District_11,Delhi
2023-12-06 18:28:12.551590,28.610270274654106,77.24688904903384,Burglary,Medium,True,INC_000290,District_9,Delhi
2023-09-10 07:28:12.551590,28.65142402658058,77.17925468013426,Vandalism,High,True,INC_000291,District_3,Delhi
2024-01-26 18:28:12.551590,28.529741367692363,77.24426087752025,Theft,High,True,INC_000292,District_11,Delhi
2024-06-26 17:28:12.551590,28.642956171179666,77.2515479257553,Assault,Low,False,INC_000293,District_6,Delhi
2023-09-04 12:28:12.551590,28.65529830024331,77.40813993100063,Fraud,Low,True,INC_000294,District_11,Delhi
2025-01-25 08:28:12.551590,28.707306176503266,77.46999753169627,Vehicle Crime,Medium,True,INC_000295,District_1,Delhi
2023-08-28 16:28:12.551590,28.64620899448134,77.46145356306296,Fraud,Low,True,INC_000296,District_11,Delhi
2024-12-25 09:28:12.551590,28.62418870822986,77.27498534419254,Burglary,High,True,INC_000297,District_9,Delhi
2024-06-02 14:28:12.551590,28.630371246822037,77.28966807754374,Theft,Low,True,INC_000298,District_10,Delhi
2024-04-30 21:28:12.551590,28.721204669929346,77.08624742138979,Vandalism,High,True,INC_000299,District_6,Delhi
2025-07-27 06:28:12.551590,28.79124211212921,77.30380454163817,Assault,Low,True,INC_000300,District_8,Delhi
2023-09-29 09:28:12.551590,28.624762372053823,77.26935329969425,Assault,High,True,INC_000301,District_6,Delhi
2025-05-13 01:28:12.551590,28.577696197517078,77.25111566769043,Assault,Low,False,INC_000302,District_1,Delhi
2024-11-05 11:28:12.551590,28.631163363370682,77.26649496534675,Fraud,Low,True,INC_000303,District_10,Delhi
2025-07-28 16:28:12.551590,28.550709140500228,76.96706398883516,Vandalism,Medium,True,INC_000304,District_10,Delhi
2024-04-01 18:28:12.551590,28.540240961591756,77.25085436433619,Vehicle Crime,High,True,INC_000305,District_4,Delhi
2024-03-03 17:28:12.551590,28.548340724196624,77.25309475328197,Theft,High,True,INC_000306,District_7,Delhi
2024-04-19 15:28:12.551590,28.435618901662952,77.21989864889652,Fraud,Low,True,INC_000307,District_3,Delhi
2025-04-14 02:28:12.551590,28.663571771581953,77.18380709292964,Assault,Low,True,INC_000308,District_1,Delhi
2024-01-08 10:28:12.551590,28.531517564745524,77.21388182701716,Assault,Low,True,INC_000309,District_7,Delhi
2025-08-12 07:28:12.551590,28.808512509547395,77.34976335711309,Burglary,Medium,True,INC_000310,District_3,Delhi
2024-05-05 04:28:12.551590,28.660807614140207,77.17330176576876,Theft,High,True,INC_000311,District_2,Delhi
2025-04-24 11:28:12.551590,28.611569626430384,77.11311049498755,Burglary,High,False,INC_000312,District_10,Delhi
2024-02-25 14:28:12.551590,28.914121173110253,77.25559116611882,Vandalism,Medium,True,INC_000313,District_6,Delhi
2024-03-26 00:28:12.551590,28.60798491541749,77.2712259334397,Assault,High,True,INC_000314,District_2,Delhi
2024-02-25 10:28:12.551590,28.655272407353294,77.13502642129586,Burglary,Low,False,INC_000315,District_2,Delhi
2025-07-24 18:28:12.551590,28.625978729621995,77.25548353589139,Burglary,Low,True,INC_000316,District_8,Delhi
2024-12-27 15:28:12.551590,28.62386398563646,77.14270048841217,Fraud,High,True,INC_000317,District_8,Delhi
2024-01-19 09:28:12.551590,28.53321094747817,77.25006269550201,Vandalism,High,True,INC_000318,District_7,Delhi
2025-07-26 22:28:12.551590,28.532297886504267,77.25089338077764,Assault,Medium,True,INC_000319,District_3,Delhi
2023-09-30 16:28:12.551590,28.627903429004213,77.27824002273907,Theft,High,False,INC_000320,District_7,Delhi
2024-02-29 15:28:12.551590,28.633338453416265,77.25418876101054,Vandalism,Low,True,INC_000321,District_2,Delhi
2024-03-06 14:28:12.551590,28.519043791689725,77.23831454930892,Assault,High,False,INC_000322,District_5,Delhi
2024-08-12 18:28:12.551590,28.67726862972872,77.18715849317346,Fraud,High,True,INC_000323,District_2,Delhi
2024-06-26 12:28:12.551590,28.543333519617597,77.2421735146872,Vehicle Crime,Medium,True,INC_000324,District_3,Delhi
2023-12-30 23:28:12.551590,28.63833921018246,77.28213478286162,Assault,Low,False,INC_000325,District_11,Delhi
2024-06-16 02:28:12.551590,28.679603334118234,77.07871967696084,Burglary,High,False,INC_000326,District_9,Delhi
2024-01-24 17:28:12.551590,28.528198203372696,77.24824080201789,Burglary,High,True,INC_000327,District_3,Delhi
2023-11-04 23:28:12.551590,28.678166888554014,77.18490199579838,Vehicle Crime,Medium,False,INC_000328,District_3,Delhi
2023-11-18 07:28:12.551590,28.642564202560425,77.2703552532938,Vandalism,Medium,True,INC_000329,District_10,Delhi
2025-01-18 01:28:12.551590,28.52871098876969,77.2458961369451,Burglary,High,False,INC_000330,District_10,Delhi
2025-08-18 15:28:12.551590,28.77834350263984,77.12448812492718,Burglary,High,False,INC_000331,District_2,Delhi
2024-04-20 03:28:12.551590,28.66996890669362,77.18032187058758,Fraud,High,True,INC_000332,District_10,Delhi
2024-02-10 15:28:12.551590,28.531300610264424,77.2457192506713,Vandalism,Medium,True,INC_000333,District_1,Delhi
2023-08-31 19:28:12.551590,28.70986391173565,77.25493469609388,Vehicle Crime,Low,True,INC_000334,District_9,Delhi
2024-08-10 04:28:12.551590,28.62842004489387,77.2645561578258,Assault,Medium,True,INC_000335,District_2,Delhi
2025-04-23 13:28:12.551590,28.692657977201264,77.27096916200072,Theft,Low,True,INC_000336,District_9,Delhi
2024-08-01 18:28:12.551590,28.65423410312369,77.17773378606765,Vandalism,Low,False,INC_000337,District_7,Delhi
2025-01-16 19:28:12.551590,28.6129266521592,77.27341293298831,Assault,Low,True,INC_000338,District_10,Delhi
2024-07-25 17:28:12.551590,28.580753476584224,77.16818912441043,Vandalism,Medium,True,INC_000339,District_5,Delhi
2024-11-26 01:28:12.551590,28.667403479004857,77.19847066093578,Vandalism,High,True,INC_000340,District_11,Delhi
2024-06-23 15:28:12.551590,28.47618311978435,77.23243322449248,Fraud,Low,True,INC_000341,District_9,Delhi
2023-12-25 17:28:12.551590,28.502237477690624,77.12058336662427,Theft,Low,True,INC_000342,District_5,Delhi
2024-11-10 10:28:12.551590,28.533932533757014,77.2597052567832,Vandalism,Low,True,INC_000343,District_10,Delhi
2024-11-30 13:28:12.551590,28.34533587059206,77.29315774786183,Vehicle Crime,High,False,INC_000344,District_10,Delhi
2024-03-05 12:28:12.551590,28.570980469042954,77.20912083593369,Vandalism,High,True,INC_000345,District_7,Delhi
2025-07-08 16:28:12.551590,28.66580870395485,77.19523690593154,Vehicle Crime,Low,False,INC_000346,District_8,Delhi
2023-11-19 14:28:12.551590,28.69822080654187,77.17048673174499,Theft,Medium,True,INC_000347,District_1,Delhi
2024-11-18 20:28:12.551590,28.606633932777903,77.26724759146018,Vehicle Crime,Medium,True,INC_000348,District_9,Delhi
2025-02-28 03:28:12.551590,28.673454547473206,77.17836235499468,Assault,High,False,INC_000349,District_10,Delhi
2023-12-14 23:28:12.551590,28.62040964611958,77.26955919073073,Burglary,Medium,True,INC_000350,District_5,Delhi
2024-04-16 17:28:12.551590,28.63820892241727,77.26759385385505,Assault,Medium,True,INC_000351,District_6,Delhi
2023-11-06 01:28:12.551590,28.630232205349785,77.28258440832965,Vehicle Crime,High,True,INC_000352,District_11,Delhi
2024-04-11 18:28:12.551590,28.59096538850702,77.0970484648695,Fraud,High,True,INC_000353,District_8,Delhi
2024-08-22 20:28:12.551590,28.665031200320886,77.17893600259181,Theft,Medium,True,INC_000354,District_6,Delhi
2024-02-03 18:28:12.551590,28.52985710413077,77.25677706311888,Theft,High,True,INC_000355,District_10,Delhi
2024-04-16 02:28:12.551590,28.54058192159427,77.26076013090514,Burglary,Medium,True,INC_000356,District_5,Delhi
2025-01-03 07:28:12.551590,28.50626665726719,76.98836483403808,Vehicle Crime,Medium,True,INC_000357,District_2,Delhi
2024-03-21 09:28:12.551590,28.348475055859623,77.27418998851985,Burglary,Medium,True,INC_000358,District_6,Delhi
2024-11-10 19:28:12.551590,28.5468089283555,77.26841393739122,Vandalism,High,True,INC_000359,District_8,Delhi
2023-08-29 14:28:12.551590,28.61776396473087,77.10347763893738,Fraud,High,False,INC_000360,District_11,Delhi
2023-10-19 17:28:12.551590,28.55080052017812,77.23439489331366,Vandalism,High,False,INC_000361,District_8,Delhi
2024-10-13 08:28:12.551590,28.519694730280538,77.43481154162926,Assault,High,True,INC_000362,District_8,Delhi
2024-11-01 12:28:12.551590,28.5282913879827,77.24367597864868,Theft,Medium,True,INC_000363,District_6,Delhi
2024-06-19 03:28:12.551590,28.54763269873898,77.24228443423677,Theft,High,True,INC_000364,District_1,Delhi
2025-05-03 16:28:12.551590,28.587602742451775,77.27595295665857,Vehicle Crime,High,True,INC_000365,District_1,Delhi
2024-02-21 10:28:12.551590,28.51758999904884,77.25264379537892,Vandalism,Medium,False,INC_000366,District_10,Delhi
2023-12-06 04:28:12.551590,28.52662327767477,77.2493975680466,Burglary,Low,True,INC_000367,District_10,Delhi
2024-07-08 04:28:12.551590,28.650058497135472,77.26376349473969,Vandalism,High,True,INC_000368,District_4,Delhi
2024-12-13 19:28:12.551590,28.63678290950906,77.27714907792107,Assault,Low,False,INC_000369,District_10,Delhi
2024-02-14 22:28:12.551590,28.63222240828531,77.26989413151456,Fraud,Medium,False,INC_000370,District_9,Delhi
2023-11-11 18:28:12.551590,28.664102224938016,77.16899447260786,Fraud,High,False,INC_000371,District_3,Delhi
2024-11-09 17:28:12.551590,28.779153356836613,77.19926466153815,Assault,Low,False,INC_000372,District_11,Delhi
2025-06-01 15:28:12.551590,28.67334290175899,77.17827817447356,Theft,Low,True,INC_000373,District_5,Delhi
2024-10-24 00:28:12.551590,28.482137605820363,77.17101723311771,Burglary,High,True,INC_000374,District_11,Delhi
2023-12-28 02:28:12.551590,28.54143378207762,77.26096064310238,Theft,Medium,False,INC_000375,District_10,Delhi
2024-01-21 21:28:12.551590,28.62333686426808,77.26830878822143,Burglary,Low,False,INC_000376,District_8,Delhi
2024-07-13 13:28:12.551590,28.662440024403963,77.19036217480274,Burglary,Low,False,INC_000377,District_10,Delhi
2025-04-19 16:28:12.551590,28.669408453941045,77.18596048442329,Theft,High,False,INC_000378,District_4,Delhi
2025-04-27 07:28:12.551590,28.36629596206498,77.17299869770196,Theft,Medium,True,INC_000379,District_10,Delhi
2023-12-01 08:28:12.551590,28.776066869217487,77.05392247757688,Vandalism,Low,False,INC_000380,District_3,Delhi
2024-11-03 19:28:12.551590,28.650193857699325,77.25809414677371,Assault,High,True,INC_000381,District_5,Delhi
2025-07-14 18:28:12.551590,28.65322989108955,77.17918307960849,Fraud,Low,True,INC_000382,District_1,Delhi
2024-04-18 05:28:12.551590,28.280331488387485,77.24106274635339,Vehicle Crime,Low,True,INC_000383,District_1,Delhi
2025-02-21 22:28:12.551590,28.521805691054926,77.24494614400858,Theft,Low,True,INC_000384,District_9,Delhi
2025-04-02 18:28:12.551590,28.65638913580305,77.18913857797865,Vehicle Crime,Medium,True,INC_000385,District_2,Delhi
2025-04-21 05:28:12.551590,28.643623614208796,77.36978009221662,Fraud,High,True,INC_000386,District_1,Delhi
2025-04-23 15:28:12.551590,28.538691340353857,77.24412033964319,Burglary,Medium,True,INC_000387,District_2,Delhi
2024-05-13 13:28:12.551590,28.6418992729831,77.26664832547662,Fraud,Medium,False,INC_000388,District_6,Delhi
2023-10-04 19:28:12.551590,28.654496704313576,77.18379464671274,Vandalism,Low,True,INC_000389,District_9,Delhi
2025-08-11 16:28:12.551590,28.74597862032081,77.33406291188903,Vehicle Crime,Medium,False,INC_000390,District_3,Delhi
2024-06-09 10:28:12.551590,28.67428003908501,77.17871757833323,Burglary,Medium,True,INC_000391,District_8,Delhi
2024-03-01 05:28:12.551590,28.53726320788708,77.2643426138907,Fraud,High,True,INC_000392,District_4,Delhi
2023-09-21 22:28:12.551590,28.819016310103557,77.30676841094036,Vehicle Crime,Medium,True,INC_000393,District_5,Delhi
2025-03-11 07:28:12.551590,28.63166331006638,77.27201642542082,Theft,High,True,INC_000394,District_10,Delhi
2023-09-03 21:28:12.551590,28.546920147320723,77.25716559179807,Fraud,High,False,INC_000395,District_6,Delhi
2024-12-24 13:28:12.551590,28.585613919923176,77.22050119507684,Vehicle Crime,High,True,INC_000396,District_3,Delhi
2025-02-21 15:28:12.551590,28.54250276238869,77.24669485081792,Theft,Medium,True,INC_000397,District_11,Delhi
2023-09-29 09:28:12.551590,28.64663343758488,77.26214887428652,Vehicle Crime,High,True,INC_000398,District_7,Delhi
2024-08-10 10:28:12.551590,28.669161557264026,77.17013399004273,Vehicle Crime,High,True,INC_000399,District_10,Delhi
2023-11-21 22:28:12.551590,28.68373976912835,77.26005621020369,Assault,Medium,True,INC_000400,District_2,Delhi
2024-10-31 20:28:12.551590,28.536580722533085,77.25782072496625,Vandalism,Low,True,INC_000401,District_10,Delhi
2023-12-05 04:28:12.551590,28.640268207350992,77.27231770252614,Vandalism,Medium,False,INC_000402,District_4,Delhi
2025-07-01 13:28:12.551590,28.673672552230762,77.1797187082311,Vehicle Crime,High,True,INC_000403,District_7,Delhi
2024-11-21 22:28:12.551590,28.519263992217716,77.25581103493397,Theft,Low,False,INC_000404,District_11,Delhi
2025-02-01 11:28:12.551590,28.636890293317876,77.27277709640346,Vehicle Crime,High,True,INC_000405,District_2,Delhi
2025-04-17 23:28:12.551590,28.62791326185403,77.30825796382695,Fraud,Medium,True,INC_000406,District_7,Delhi
2024-11-03 00:28:12.551590,28.50143463049329,76.99017970339536,Fraud,High,True,INC_000407,District_8,Delhi
2024-12-06 13:28:12.551590,28.73179255985315,77.16220206391515,Vandalism,High,True,INC_000408,District_5,Delhi
2024-04-05 04:28:12.551590,28.678972422252535,77.19124094300952,Theft,High,True,INC_000409,District_3,Delhi
2025-06-18 22:28:12.551590,28.571539161056705,77.3757272349194,Theft,Low,False,INC_000410,District_8,Delhi
2025-08-05 00:28:12.551590,28.537375899147083,77.26366597186268,Assault,Medium,True,INC_000411,District_10,Delhi
2025-03-01 17:28:12.551590,28.63290434903786,77.25957688204632,Fraud,High,True,INC_000412,District_6,Delhi
2025-01-06 08:28:12.551590,28.630305000186972,77.28404985845802,Fraud,Low,False,INC_000413,District_4,Delhi
2024-09-26 18:28:12.551590,28.630404316621906,77.26056135856257,Assault,Medium,True,INC_000414,District_7,Delhi
2023-11-28 07:28:12.551590,28.62337429351165,77.27975655305842,Assault,High,True,INC_000415,District_3,Delhi
2023-11-06 11:28:12.551590,28.523780814207417,77.25335309182041,Vehicle Crime,Medium,True,INC_000416,District_10,Delhi
2024-04-28 01:28:12.551590,28.428287757380218,77.21807450630273,Vehicle Crime,Medium,True,INC_000417,District_6,Delhi
2025-05-17 15:28:12.551590,28.630166913354522,77.26342379915738,Vehicle Crime,High,True,INC_000418,District_2,Delhi
2024-06-04 00:28:12.551590,28.72042619600399,77.31209391292205,Theft,Low,True,INC_000419,District_1,Delhi
2025-02-07 06:28:12.551590,28.64337828205427,77.2560798948983,Vehicle Crime,Medium,True,INC_000420,District_7,Delhi
2025-03-22 10:28:12.551590,28.661860709748378,77.16491666726162,Fraud,Medium,True,INC_000421,District_2,Delhi
2024-06-18 06:28:12.551590,28.67266221568697,77.17625635266545,Burglary,Medium,True,INC_000422,District_7,Delhi
2025-03-18 14:28:12.551590,28.522944200166318,77.25824548803324,Theft,Low,False,INC_000423,District_6,Delhi
2024-04-06 08:28:12.551590,28.651502134358548,77.21534646341873,Fraud,Low,True,INC_000424,District_9,Delhi
2024-07-02 10:28:12.551590,28.698127968930926,77.25104425527284,Assault,Medium,False,INC_000425,District_7,Delhi
2025-06-09 13:28:12.551590,28.66768769774296,77.17474425380422,Assault,High,True,INC_000426,District_11,Delhi
2024-10-26 16:28:12.551590,28.653399751018622,77.27503262352532,Assault,Medium,False,INC_000427,District_3,Delhi
2025-06-05 00:28:12.551590,28.63511757283267,77.2845875344198,Vandalism,High,False,INC_000428,District_11,Delhi
2024-01-17 11:28:12.551590,28.623714617630892,77.17267529230746,Assault,Medium,True,INC_000429,District_8,Delhi
2024-10-14 22:28:12.551590,28.65837468828869,77.16664436412978,Burglary,High,True,INC_000430,District_3,Delhi
2025-04-06 16:28:12.551590,28.670209144837724,77.16013458842028,Fraud,Medium,False,INC_000431,District_1,Delhi
2024-08-02 14:28:12.551590,28.640564411017227,77.26537967538898,Burglary,High,False,INC_000432,District_2,Delhi
2025-05-12 18:28:12.551590,28.652363749017116,77.17699803801914,Assault,High,True,INC_000433,District_11,Delhi
2024-07-25 10:28:12.551590,28.712426803081968,77.34631140666517,Burglary,High,True,INC_000434,District_10,Delhi
2025-04-25 05:28:12.551590,28.677092255220533,77.1951428984728,Theft,Low,False,INC_000435,District_1,Delhi
2024-08-03 11:28:12.551590,28.535440427649206,77.24509595796505,Assault,Medium,False,INC_000436,District_5,Delhi
2025-06-01 08:28:12.551590,28.661086674726683,77.18838535939803,Vehicle Crime,Medium,False,INC_000437,District_4,Delhi
2024-01-31 05:28:12.551590,28.65843606866079,77.17481137266786,Vehicle Crime,Low,True,INC_000438,District_4,Delhi
2023-12-05 07:28:12.551590,28.548320775943363,77.24359784094294,Theft,High,True,INC_000439,District_3,Delhi
2025-06-26 13:28:12.551590,28.535935502342703,77.25343519632048,Vandalism,Medium,True,INC_000440,District_3,Delhi
2024-10-21 13:28:12.551590,28.637984713715106,77.28086009736845,Assault,Low,True,INC_000441,District_5,Delhi
2024-08-29 18:28:12.551590,28.6558801415676,77.1740862017365,Theft,High,True,INC_000442,District_6,Delhi
2024-10-27 13:28:12.551590,28.53376441081287,77.25556864121745,Fraud,Low,True,INC_000443,District_9,Delhi
2024-08-07 13:28:12.551590,28.673502248949973,77.17938855817995,Vehicle Crime,Medium,True,INC_000444,District_3,Delhi
2024-02-06 00:28:12.551590,28.545265246964714,77.24692088885018,Assault,High,True,INC_000445,District_9,Delhi
2025-07-21 16:28:12.551590,28.64837374547091,77.28574582800171,Vandalism,Medium,True,INC_000446,District_2,Delhi
2025-05-20 02:28:12.551590,28.662630237834296,77.18868858628139,Vehicle Crime,Low,False,INC_000447,District_1,Delhi
2023-12-19 17:28:12.551590,28.646610143238316,77.26971033174064,Theft,Medium,True,INC_000448,District_10,Delhi
2025-04-18 18:28:12.551590,28.412735918166486,77.22008956256252,Fraud,High,True,INC_000449,District_4,Delhi
2023-11-16 08:28:12.551590,28.530979149526395,77.26314664607307,Burglary,Low,True,INC_000450,District_2,Delhi
2025-07-28 09:28:12.551590,28.72186295213455,77.18343874305266,Vehicle Crime,Low,True,INC_000451,District_11,Delhi
2023-12-10 20:28:12.551590,28.67220901875497,77.16983512591966,Theft,Medium,False,INC_000452,District_7,Delhi
2024-08-18 17:28:12.551590,28.519210107575798,77.24613409510502,Assault,High,False,INC_000453,District_1,Delhi
2025-05-07 15:28:12.551590,28.73181082684737,77.08125164462444,Fraud,Low,True,INC_000454,District_10,Delhi
2024-06-23 12:28:12.551590,28.655727230985555,77.26044467192082,Vandalism,Low,True,INC_000455,District_9,Delhi
2025-02-02 12:28:12.551590,28.64612315881568,77.27493106686728,Vandalism,Low,True,INC_000456,District_7,Delhi
2025-05-19 06:28:12.551590,28.641216533840854,77.26846451607521,Burglary,Low,False,INC_000457,District_6,Delhi
2024-11-06 10:28:12.551590,28.633461943130822,77.24759104431767,Vehicle Crime,High,True,INC_000458,District_9,Delhi
2024-01-18 18:28:12.551590,28.72255326034465,77.30167572401044,Vehicle Crime,High,True,INC_000459,District_4,Delhi
2024-10-08 10:28:12.551590,28.537208945197726,77.23310041029323,Assault,High,True,INC_000460,District_1,Delhi
2025-05-18 13:28:12.551590,28.60045029446545,77.0799942088019,Theft,Low,True,INC_000461,District_9,Delhi
2025-01-13 20:28:12.551590,28.637596667105697,77.269575491547,Burglary,High,True,INC_000462,District_11,Delhi
2024-05-13 22:28:12.551590,28.56927097095928,77.11130647239648,Burglary,Medium,False,INC_000463,District_4,Delhi
2023-11-29 04:28:12.551590,28.548071614784863,77.24745040557734,Vehicle Crime,High,True,INC_000464,District_2,Delhi
2025-01-21 13:28:12.551590,28.648378053385237,77.17278161993289,Assault,Medium,True,INC_000465,District_8,Delhi
2024-03-09 10:28:12.551590,28.4463119355426,77.28522713637801,Vehicle Crime,Medium,True,INC_000466,District_10,Delhi
2025-01-17 18:28:12.551590,28.633334066894836,77.26892874275538,Theft,Low,False,INC_000467,District_11,Delhi
2023-08-28 04:28:12.551590,28.952690648377278,77.16789069435073,Burglary,High,True,INC_000468,District_3,Delhi
2025-08-22 04:28:12.551590,28.526891039877086,77.25612302946075,Vehicle Crime,High,False,INC_000469,District_9,Delhi
2024-01-14 02:28:12.551590,28.736456513242658,77.23555436764708,Vandalism,Low,True,INC_000470,District_10,Delhi
2024-04-22 02:28:12.551590,28.664808752329712,77.19912372537233,Vandalism,High,True,INC_000471,District_8,Delhi
2023-11-28 11:28:12.551590,28.485950414689096,77.19045442524285,Assault,Low,False,INC_000472,District_5,Delhi
2024-05-07 09:28:12.551590,28.538260883800824,77.24459072361171,Vandalism,Low,True,INC_000473,District_3,Delhi
2024-06-14 11:28:12.551590,28.707712861031386,77.27305121663407,Theft,High,True,INC_000474,District_7,Delhi
2025-01-24 16:28:12.551590,28.532066288367414,77.24994749017281,Burglary,Low,True,INC_000475,District_2,Delhi
2024-03-26 14:28:12.551590,28.66532711077402,77.17678269926316,Assault,Low,True,INC_000476,District_3,Delhi
2025-05-20 11:28:12.551590,28.531446889743645,77.42847078650117,Burglary,High,False,INC_000477,District_7,Delhi
2024-08-01 23:28:12.551590,28.657658338825378,77.16904930048177,Vehicle Crime,High,True,INC_000478,District_3,Delhi
2024-01-18 01:28:12.551590,28.536349211104522,77.23685010975322,Fraud,Low,False,INC_000479,District_8,Delhi
2025-08-05 01:28:12.551590,28.62152137357578,77.43767128840081,Fraud,Low,True,INC_000480,District_2,Delhi
2024-05-04 13:28:12.551590,28.533012473805748,77.24875950890822,Fraud,Medium,False,INC_000481,District_6,Delhi
2025-05-13 03:28:12.551590,28.58410496369464,77.30617844966004,Fraud,Low,True,INC_000482,District_4,Delhi
2023-12-25 23:28:12.551590,28.6303542262362,77.27591539121262,Vehicle Crime,High,True,INC_000483,District_10,Delhi
2025-07-24 21:28:12.551590,28.498732373579053,77.35386260589033,Assault,Medium,True,INC_000484,District_7,Delhi
2023-10-30 06:28:12.551590,28.56160814356823,77.15325445364876,Burglary,High,True,INC_000485,District_7,Delhi
2025-01-18 21:28:12.551590,28.641437825557375,77.27890217382551,Vehicle Crime,Low,True,INC_000486,District_3,Delhi
2024-02-09 08:28:12.551590,28.651488804294253,77.18375449985142,Vehicle Crime,Low,True,INC_000487,District_5,Delhi
2025-03-18 18:28:12.551590,28.52779341690935,77.25124151017616,Burglary,Medium,True,INC_000488,District_6,Delhi
2025-07-29 10:28:12.551590,28.66074299979545,77.20061214895571,Theft,Medium,True,INC_000489,District_5,Delhi
2025-03-25 02:28:12.551590,28.657473077808138,77.18688171849413,Fraud,Medium,True,INC_000490,District_1,Delhi
2024-05-16 05:28:12.551590,28.666995872863218,77.16631837982598,Burglary,High,True,INC_000491,District_6,Delhi
2025-07-22 15:28:12.551590,28.462524776286607,77.18952816864103,Vehicle Crime,Medium,True,INC_000492,District_4,Delhi
2024-11-27 03:28:12.551590,28.553497141914747,77.25972851557736,Vandalism,High,True,INC_000493,District_3,Delhi
2025-06-24 07:28:12.551590,28.52066623220732,77.43087134757717,Vandalism,Medium,True,INC_000494,District_10,Delhi
2024-10-03 22:28:12.551590,28.67011447142613,77.18195287915157,Vehicle Crime,High,True,INC_000495,District_10,Delhi
2024-04-13 18:28:12.551590,28.62042884234278,77.116717924837,Theft,Low,False,INC_000496,District_5,Delhi
2024-10-02 03:28:12.551590,28.523225337030436,77.25707709290815,Burglary,High,True,INC_000497,District_1,Delhi
2025-03-12 17:28:12.551590,28.62043844140257,77.29871166968705,Fraud,High,True,INC_000498,District_3,Delhi
2025-02-22 14:28:12.551590,28.63027813828187,77.27949919211031,Fraud,Low,True,INC_000499,District_2,Delhi
2024-05-28 10:28:12.551590,28.53122077102989,76.94653087212316,Burglary,Medium,True,INC_000500,District_2,Delhi
2025-04-12 18:28:12.551590,28.829931130537375,77.18748128081971,Burglary,High,False,INC_000501,District_7,Delhi
2023-09-22 03:28:12.551590,28.463034612392747,77.18156558083896,Burglary,Low,True,INC_000502,District_2,Delhi
2025-04-15 16:28:12.551590,28.81946528850171,77.33167964357936,Assault,High,True,INC_000503,District_7,Delhi
2025-07-13 01:28:12.551590,28.764070950296183,77.1601595544771,Vehicle Crime,Medium,True,INC_000504,District_2,Delhi
2023-09-06 03:28:12.551590,28.53785977579838,77.2433317465891,Theft,Medium,True,INC_000505,District_7,Delhi
2024-01-19 07:28:12.551590,28.638540323390817,77.2542178000845,Burglary,Medium,True,INC_000506,District_6,Delhi
2023-11-29 05:28:12.551590,28.660214294730746,77.1647799636496,Vandalism,Low,True,INC_000507,District_8,Delhi
2024-07-25 06:28:12.551590,28.628581903861683,77.26486783246969,Vandalism,High,True,INC_000508,District_11,Delhi
2024-03-28 19:28:12.551590,28.708395918788145,77.38654122739952,Vandalism,Low,False,INC_000509,District_7,Delhi
2025-08-07 17:28:12.551590,28.398732466040695,77.01662008489848,Fraud,Medium,True,INC_000510,District_5,Delhi
2023-11-30 08:28:12.551590,28.63892608464497,77.24638456839006,Assault,Low,False,INC_000511,District_4,Delhi
2023-12-14 02:28:12.551590,28.84622646006327,77.3089206424598,Assault,Medium,True,INC_000512,District_1,Delhi
2025-02-17 12:28:12.551590,28.661491664024364,77.17670730935951,Vandalism,High,False,INC_000513,District_6,Delhi
2025-01-24 12:28:12.551590,28.463344077057304,77.0846039474049,Theft,High,False,INC_000514,District_11,Delhi
2025-01-26 20:28:12.551590,28.63587734203417,77.24303696774781,Theft,High,False,INC_000515,District_1,Delhi
2025-04-29 19:28:12.551590,28.630842825623617,77.26930899129192,Fraud,Medium,True,INC_000516,District_1,Delhi
2024-11-09 09:28:12.551590,28.639296220177037,77.26573470133074,Vehicle Crime,Low,False,INC_000517,District_11,Delhi
2025-01-30 10:28:12.551590,28.636960596774024,77.16729640447677,Vandalism,Medium,False,INC_000518,District_7,Delhi
2025-06-22 04:28:12.551590,28.52908060586305,77.2347667729837,Vehicle Crime,High,True,INC_000519,District_1,Delhi
2024-05-08 17:28:12.551590,28.599034334331773,77.3907084361278,Assault,High,True,INC_000520,District_8,Delhi
2025-06-01 06:28:12.551590,28.72974869365973,77.1840800674139,Theft,High,False,INC_000521,District_11,Delhi
2025-06-16 20:28:12.551590,28.689457544257923,77.14660639198401,Assault,High,False,INC_000522,District_6,Delhi
2024-09-15 08:28:12.551590,28.65291224634355,77.18355503974828,Vehicle Crime,Medium,True,INC_000523,District_8,Delhi
2025-01-30 16:28:12.551590,28.540345725189827,77.34150689588,Assault,High,True,INC_000524,District_8,Delhi
2024-01-25 07:28:12.551590,28.727022925793165,77.33415987868835,Vandalism,High,False,INC_000525,District_3,Delhi
2024-09-14 02:28:12.551590,28.66514865223373,77.19073970292251,Vandalism,High,True,INC_000526,District_2,Delhi
2024-02-05 23:28:12.551590,28.67530273997717,77.17979419175683,Fraud,High,True,INC_000527,District_4,Delhi
2024-07-14 01:28:12.551590,28.52608695648707,77.23961922335924,Vehicle Crime,Low,False,INC_000528,District_4,Delhi
2024-11-02 10:28:12.551590,28.65813932034648,77.18912740851401,Assault,Low,True,INC_000529,District_1,Delhi
2024-12-11 19:28:12.551590,28.67333518605158,77.16831125431496,Burglary,High,True,INC_000530,District_10,Delhi
2024-01-26 19:28:12.551590,28.62071865512037,77.2797439833818,Assault,Low,False,INC_000531,District_4,Delhi
2023-12-08 18:28:12.551590,28.639454549902165,77.07544154689278,Vandalism,High,False,INC_000532,District_10,Delhi
2024-07-11 07:28:12.551590,28.540082053490742,77.24508469366873,Vehicle Crime,Medium,False,INC_000533,District_9,Delhi
2024-11-19 17:28:12.551590,28.64573562552158,77.11845329360318,Vandalism,Low,True,INC_000534,District_1,Delhi
2024-02-04 06:28:12.551590,28.541452992647653,77.2425370849542,Fraud,Low,True,INC_000535,District_8,Delhi
2024-12-19 13:28:12.551590,28.521524914835485,77.25112353604001,Vehicle Crime,Medium,False,INC_000536,District_10,Delhi
2024-04-30 04:28:12.551590,28.415625666690918,77.18205822799362,Burglary,Medium,True,INC_000537,District_10,Delhi
2025-01-26 13:28:12.551590,28.62864741525605,77.27158139496258,Vehicle Crime,Medium,False,INC_000538,District_8,Delhi
2023-08-31 21:28:12.551590,28.52908269901602,77.27456994069908,Fraud,High,False,INC_000539,District_8,Delhi
2024-03-24 21:28:12.551590,28.70364896525342,77.2949468036877,Fraud,Medium,True,INC_000540,District_6,Delhi
2023-09-25 18:28:12.551590,28.633895924097978,77.0720383055749,Fraud,Medium,True,INC_000541,District_11,Delhi
2024-11-11 12:28:12.551590,28.527863676242298,77.2645515456922,Vandalism,Medium,True,INC_000542,District_6,Delhi
2024-04-08 08:28:12.551590,28.672541917706223,77.18069830046265,Theft,High,False,INC_000543,District_3,Delhi
2023-09-21 04:28:12.551590,28.6266227545506,77.25917642526281,Fraud,High,False,INC_000544,District_4,Delhi
2024-11-20 15:28:12.551590,28.652237103252624,77.17404134633425,Theft,High,False,INC_000545,District_3,Delhi
2024-04-27 07:28:12.551590,28.640653156225156,77.28856977991236,Vehicle Crime,Low,True,INC_000546,District_8,Delhi
2023-11-01 13:28:12.551590,28.631839970982647,77.28546585146863,Vandalism,Low,False,INC_000547,District_11,Delhi
2025-03-05 04:28:12.551590,28.625489372665506,77.09845918393441,Theft,Medium,True,INC_000548,District_11,Delhi
2025-08-03 11:28:12.551590,28.62650486869457,77.2700571909396,Theft,Low,True,INC_000549,District_9,Delhi
2024-10-20 01:28:12.551590,28.668870896187695,77.17550412676174,Fraud,High,True,INC_000550,District_11,Delhi
2024-12-31 20:28:12.551590,28.54224450020437,77.24800804373012,Burglary,High,True,INC_000551,District_8,Delhi
2025-04-16 20:28:12.551590,28.535412255667623,77.24082636647618,Fraud,Medium,True,INC_000552,District_3,Delhi
2025-03-08 11:28:12.551590,28.664267453857093,77.1611579067023,Theft,Medium,True,INC_000553,District_6,Delhi
2023-12-27 02:28:12.551590,28.389949164789154,77.167286885551,Fraud,Medium,True,INC_000554,District_5,Delhi
2025-06-30 01:28:12.551590,28.66258803346098,77.19273902510105,Theft,High,True,INC_000555,District_2,Delhi
2023-10-28 15:28:12.551590,28.53521798162774,77.25684358527118,Vandalism,Low,False,INC_000556,District_3,Delhi
2023-12-07 11:28:12.551590,28.627896902219565,77.27500949788505,Vehicle Crime,Medium,True,INC_000557,District_11,Delhi
2025-05-23 07:28:12.551590,28.541389260911906,77.25154944112808,Theft,Medium,False,INC_000558,District_6,Delhi
2025-04-22 08:28:12.551590,28.65415488046349,77.18278210939361,Vehicle Crime,Medium,False,INC_000559,District_9,Delhi
2023-12-15 06:28:12.551590,28.665162203729228,77.19031803598969,Burglary,Medium,False,INC_000560,District_4,Delhi
2024-09-24 17:28:12.551590,28.701545852304815,77.43848618482367,Assault,Medium,True,INC_000561,District_7,Delhi
2024-04-09 06:28:12.551590,28.52391538022529,77.24687300712137,Fraud,High,True,INC_000562,District_5,Delhi
2023-11-22 19:28:12.551590,28.535180616317426,77.23800719766952,Vehicle Crime,Low,False,INC_000563,District_10,Delhi
2023-09-15 11:28:12.551590,28.621848892420786,77.26745438038587,Vandalism,Medium,True,INC_000564,District_9,Delhi
2024-02-28 20:28:12.551590,28.524221692993677,77.2484172372188,Vandalism,Low,True,INC_000565,District_4,Delhi
2024-07-08 15:28:12.551590,28.777165486370475,77.30526743569796,Theft,Medium,True,INC_000566,District_4,Delhi
2024-04-02 12:28:12.551590,28.653896252188304,77.17966626269363,Fraud,High,False,INC_000567,District_10,Delhi
2025-07-17 16:28:12.551590,28.730551556296707,77.11892170318717,Theft,Medium,True,INC_000568,District_11,Delhi
2025-06-07 20:28:12.551590,28.551292010643625,77.24091592125758,Fraud,High,True,INC_000569,District_11,Delhi
2025-03-18 02:28:12.551590,28.636749142136285,77.26548529046781,Vehicle Crime,Low,False,INC_000570,District_8,Delhi
2024-06-02 07:28:12.551590,28.619323458721045,77.27412449219723,Fraud,Low,True,INC_000571,District_3,Delhi
2024-03-23 23:28:12.551590,28.53869402153112,77.25707675695827,Vehicle Crime,High,True,INC_000572,District_8,Delhi
2025-08-03 11:28:12.551590,28.660976960886785,77.17325944505761,Assault,Low,True,INC_000573,District_1,Delhi
2023-12-25 12:28:12.551590,28.51861300347289,77.1145387215814,Fraud,High,True,INC_000574,District_5,Delhi
2023-11-02 18:28:12.551590,28.6200940382328,77.05700839342929,Vandalism,High,False,INC_000575,District_6,Delhi
2024-05-24 07:28:12.551590,28.672782911473714,77.18039790889867,Theft,High,True,INC_000576,District_10,Delhi
2025-01-31 20:28:12.551590,28.53241742906943,77.25770318083345,Vandalism,Medium,True,INC_000577,District_11,Delhi
2024-08-11 16:28:12.551590,28.51912499581646,77.261631103075,Theft,Medium,False,INC_000578,District_10,Delhi
2024-12-10 05:28:12.551590,28.613464054993905,77.2810533638325,Assault,Medium,False,INC_000579,District_1,Delhi
2023-09-04 22:28:12.551590,28.777464006841043,76.97322459602104,Assault,Medium,True,INC_000580,District_7,Delhi
2024-10-24 05:28:12.551590,28.535054023321873,77.26025539678687,Fraud,Medium,True,INC_000581,District_5,Delhi
2025-01-07 07:28:12.551590,28.53626682484328,77.26693952812113,Theft,Low,True,INC_000582,District_9,Delhi
2024-06-22 18:28:12.551590,28.64624892838202,77.19386887452738,Theft,High,False,INC_000583,District_8,Delhi
2024-05-22 11:28:12.551590,28.652331714392773,77.16483010009607,Vandalism,High,True,INC_000584,District_6,Delhi
2023-11-08 20:28:12.551590,28.63680421153879,77.26969471932108,Burglary,High,True,INC_000585,District_9,Delhi
2024-01-20 03:28:12.551590,28.560544073020456,77.29951578977003,Assault,Low,True,INC_000586,District_9,Delhi
2025-03-31 20:28:12.551590,28.536751191242793,77.23426769923725,Fraud,Low,True,INC_000587,District_10,Delhi
2024-03-16 00:28:12.551590,28.617835690464034,77.26094025202171,Vandalism,High,True,INC_000588,District_2,Delhi
2025-07-31 12:28:12.551590,28.532020156943265,77.24929895320668,Vehicle Crime,Medium,True,INC_000589,District_1,Delhi
2024-11-09 18:28:12.551590,28.724477268851828,77.19508908822299,Burglary,Medium,True,INC_000590,District_8,Delhi
2023-08-30 09:28:12.551590,28.534687913071075,77.2476432139421,Theft,High,False,INC_000591,District_9,Delhi
2025-07-06 07:28:12.551590,28.62862948040454,77.27325685632373,Fraud,High,True,INC_000592,District_3,Delhi
2025-01-22 12:28:12.551590,28.64043110354247,77.11219619486464,Vandalism,Low,True,INC_000593,District_5,Delhi
2024-05-26 17:28:12.551590,28.52141107819474,77.50188433639377,Burglary,High,True,INC_000594,District_10,Delhi
2024-05-06 18:28:12.551590,28.618679970608877,77.25789700841621,Fraud,Low,True,INC_000595,District_7,Delhi
2025-01-08 15:28:12.551590,28.62675429511284,77.27043560713939,Burglary,Low,True,INC_000596,District_3,Delhi
2024-02-19 21:28:12.551590,28.769568746044065,77.00753701267425,Assault,Low,True,INC_000597,District_2,Delhi
2024-04-27 05:28:12.551590,28.580221964467068,77.42342342713096,Burglary,High,False,INC_000598,District_5,Delhi
2024-01-12 12:28:12.551590,28.630012217047735,77.25289599667437,Assault,Low,True,INC_000599,District_5,Delhi
2024-03-29 07:28:12.551590,28.645374144607413,77.26470798111825,Vehicle Crime,High,False,INC_000600,District_3,Delhi
2024-12-30 02:28:12.551590,28.693178422072954,77.28625045386418,Vehicle Crime,Low,True,INC_000601,District_4,Delhi
2024-02-15 10:28:12.551590,28.63720059300861,77.26661145558982,Burglary,Medium,False,INC_000602,District_3,Delhi
2024-07-14 01:28:12.551590,28.658185909977252,77.17438554667874,Assault,Low,True,INC_000603,District_10,Delhi
2023-10-13 10:28:12.551590,28.644011515358983,76.87251462643098,Fraud,Low,True,INC_000604,District_2,Delhi
2025-03-22 07:28:12.551590,28.679034857589286,77.18425139539498,Vehicle Crime,High,True,INC_000605,District_8,Delhi
2024-12-01 08:28:12.551590,28.63048560969215,77.27249718483709,Vehicle Crime,Medium,False,INC_000606,District_1,Delhi
2025-08-17 13:28:12.551590,28.65243486190802,77.24812902149294,Theft,High,True,INC_000607,District_7,Delhi
2024-05-22 08:28:12.551590,28.537561139937036,77.24944624937821,Fraud,Medium,False,INC_000608,District_1,Delhi
2024-08-16 23:28:12.551590,28.63818977360041,77.26579424036318,Burglary,Medium,False,INC_000609,District_6,Delhi
2024-06-13 10:28:12.551590,28.549972746083764,77.23675187009745,Burglary,Low,True,INC_000610,District_11,Delhi
2023-10-18 16:28:12.551590,28.478800610830206,77.39421702639892,Vandalism,Medium,True,INC_000611,District_10,Delhi
2024-09-23 00:28:12.551590,28.530271969822202,77.23334230162502,Fraud,High,True,INC_000612,District_3,Delhi
2025-01-16 06:28:12.551590,28.666845195942887,77.16955530966551,Vandalism,Medium,True,INC_000613,District_8,Delhi
2024-02-17 12:28:12.551590,28.53820562886237,77.24810419011398,Vehicle Crime,Medium,False,INC_000614,District_4,Delhi
2024-12-08 23:28:12.551590,28.616913472869946,77.27469477732588,Theft,Low,True,INC_000615,District_10,Delhi
2024-04-06 09:28:12.551590,28.55986169466563,77.19876281681378,Assault,High,True,INC_000616,District_3,Delhi
2023-09-11 11:28:12.551590,28.616995648600806,77.37692531174913,Vandalism,Low,True,INC_000617,District_8,Delhi
2023-12-01 05:28:12.551590,28.618394101180005,77.06318136757471,Vehicle Crime,High,True,INC_000618,District_8,Delhi
2025-01-29 01:28:12.551590,28.76004375092051,77.30200925080521,Burglary,Medium,False,INC_000619,District_8,Delhi
2023-11-18 15:28:12.551590,28.530197463272298,77.25125942723653,Vehicle Crime,High,True,INC_000620,District_9,Delhi
2023-09-24 13:28:12.551590,28.657186445014748,77.16611282097219,Assault,Medium,True,INC_000621,District_7,Delhi
2024-11-14 17:28:12.551590,28.63207639985596,77.28756214446523,Vandalism,High,True,INC_000622,District_9,Delhi
2024-11-01 14:28:12.551590,28.407959526640628,77.2326132381082,Vehicle Crime,High,False,INC_000623,District_4,Delhi
2024-04-21 13:28:12.551590,28.63553316019257,77.26329097304983,Burglary,Medium,False,INC_000624,District_5,Delhi
2023-10-30 13:28:12.551590,28.66348818362838,77.19119949617401,Burglary,Medium,True,INC_000625,District_2,Delhi
2024-05-19 20:28:12.551590,28.426367820459365,77.22758351101274,Theft,Low,True,INC_000626,District_1,Delhi
2025-01-28 11:28:12.551590,28.65901586498649,77.26985387508022,Vandalism,Low,True,INC_000627,District_6,Delhi
2025-07-02 13:28:12.551590,28.695917411539035,76.86974267555837,Assault,High,True,INC_000628,District_11,Delhi
2023-10-29 23:28:12.551590,28.5569511287871,77.15695439826891,Assault,High,False,INC_000629,District_1,Delhi
2023-11-26 10:28:12.551590,28.581950454632615,76.93776520659027,Assault,Medium,False,INC_000630,District_3,Delhi
2023-09-16 19:28:12.551590,28.53604630243644,77.27381789180075,Burglary,Medium,True,INC_000631,District_6,Delhi
2024-04-21 16:28:12.551590,28.734505264787856,77.23909192076178,Vandalism,Medium,True,INC_000632,District_2,Delhi
2024-04-15 11:28:12.551590,28.616777122333794,77.265230723958,Theft,High,True,INC_000633,District_2,Delhi
2025-03-16 05:28:12.551590,28.639954656333025,77.2621849115857,Burglary,High,False,INC_000634,District_6,Delhi
2024-07-09 23:28:12.551590,28.53762829060922,77.2419960219851,Vehicle Crime,Low,True,INC_000635,District_4,Delhi
2024-09-18 03:28:12.551590,28.535435374844727,77.24096731117587,Vandalism,High,True,INC_000636,District_9,Delhi
2024-04-24 09:28:12.551590,28.666897890964368,77.17215313658468,Vehicle Crime,High,True,INC_000637,District_2,Delhi
2025-07-31 10:28:12.551590,28.633523139417257,77.27931906213216,Burglary,Medium,True,INC_000638,District_8,Delhi
2023-11-22 19:28:12.551590,28.68494075273195,77.3706082615022,Burglary,Medium,True,INC_000639,District_1,Delhi
2024-03-15 15:28:12.551590,28.661815170002857,77.14647789035145,Vandalism,Medium,False,INC_000640,District_10,Delhi
2024-11-13 00:28:12.551590,28.684127521418468,76.95898797240474,Fraud,Medium,True,INC_000641,District_8,Delhi
2024-01-17 09:28:12.551590,28.638645171252293,77.26634420220843,Vandalism,High,True,INC_000642,District_8,Delhi
2024-02-28 04:28:12.551590,28.67549993906362,77.11860458836645,Assault,Low,True,INC_000643,District_1,Delhi
2024-08-20 14:28:12.551590,28.755643238020674,77.16623798927758,Theft,Medium,True,INC_000644,District_4,Delhi
2024-11-09 12:28:12.551590,28.62296424155517,77.31109315306252,Vehicle Crime,High,False,INC_000645,District_6,Delhi
2024-12-06 09:28:12.551590,28.448158073115305,77.07549649049271,Vandalism,Medium,True,INC_000646,District_7,Delhi
2023-12-22 15:28:12.551590,28.760833237187498,76.99491355304366,Assault,Medium,False,INC_000647,District_3,Delhi
2025-02-25 05:28:12.551590,28.621234797766,77.26650868195341,Vehicle Crime,Medium,True,INC_000648,District_5,Delhi
2024-12-07 19:28:12.551590,28.61247551397064,77.27084196098734,Fraud,Medium,True,INC_000649,District_8,Delhi
2023-12-27 12:28:12.551590,28.643107211641617,77.25838331394333,Vandalism,Low,True,INC_000650,District_2,Delhi
2023-09-09 18:28:12.551590,28.5432250716073,77.26190945436731,Fraud,High,True,INC_000651,District_6,Delhi
2023-10-01 11:28:12.551590,28.64238754035198,77.19877717087199,Fraud,Low,True,INC_000652,District_8,Delhi
2023-09-22 20:28:12.551590,28.533201118201774,77.25653956895924,Fraud,Medium,False,INC_000653,District_4,Delhi
2024-05-25 08:28:12.551590,28.65687686815936,77.1846672214207,Fraud,High,False,INC_000654,District_3,Delhi
2024-08-29 00:28:12.551590,28.586955305295085,77.45242194473411,Theft,Medium,True,INC_000655,District_9,Delhi
2024-10-12 23:28:12.551590,28.55843212811181,77.32421857024758,Fraud,High,True,INC_000656,District_6,Delhi
2025-06-14 17:28:12.551590,28.536021656864055,77.23866575467727,Burglary,Low,True,INC_000657,District_2,Delhi
2024-04-23 05:28:12.551590,28.658644183097298,77.19131887962823,Fraud,High,True,INC_000658,District_3,Delhi
2024-10-29 14:28:12.551590,28.74954689260434,77.2034396236377,Vehicle Crime,High,True,INC_000659,District_1,Delhi
2025-02-09 17:28:12.551590,28.63027969280293,77.27277805249501,Vandalism,Medium,False,INC_000660,District_9,Delhi
2024-10-17 09:28:12.551590,28.575352060415852,77.32379536152492,Burglary,Low,True,INC_000661,District_9,Delhi
2025-03-21 09:28:12.551590,28.454476793152338,77.17586483819845,Assault,High,False,INC_000662,District_10,Delhi
2023-12-26 17:28:12.551590,28.519608041894166,77.3611249417862,Fraud,Low,False,INC_000663,District_5,Delhi
2025-06-01 20:28:12.551590,28.65450966274468,77.27875254824121,Vehicle Crime,Medium,True,INC_000664,District_5,Delhi
2024-12-26 18:28:12.551590,28.65207002047993,77.17383452011397,Assault,Low,False,INC_000665,District_6,Delhi
2025-07-17 11:28:12.551590,28.677729964336333,77.1240133253447,Assault,Low,True,INC_000666,District_5,Delhi
2024-10-14 04:28:12.551590,28.506928532163734,77.21566088514926,Theft,High,True,INC_000667,District_10,Delhi
2025-01-04 01:28:12.551590,28.61986188056889,77.27942266463788,Assault,Medium,False,INC_000668,District_7,Delhi
2024-02-21 04:28:12.551590,28.643126693518674,77.2607220854613,Fraud,High,True,INC_000669,District_5,Delhi
2025-01-09 06:28:12.551590,28.61532520347002,77.18997090751704,Fraud,Medium,False,INC_000670,District_1,Delhi
2025-04-01 11:28:12.551590,28.668799165926835,77.32174608159784,Fraud,High,True,INC_000671,District_3,Delhi
2024-11-02 22:28:12.551590,28.643420552510374,77.27618665558695,Theft,Low,True,INC_000672,District_11,Delhi
2025-04-25 12:28:12.551590,28.6420346756496,77.26423009333104,Burglary,Medium,False,INC_000673,District_9,Delhi
2025-01-20 19:28:12.551590,28.583630062776802,77.09291969496878,Burglary,Medium,True,INC_000674,District_5,Delhi
2024-07-22 09:28:12.551590,28.64958663120569,77.18726879041462,Vandalism,Low,True,INC_000675,District_10,Delhi
2023-11-12 06:28:12.551590,28.662807110648032,77.15661994547258,Fraud,High,True,INC_000676,District_5,Delhi
2025-04-01 18:28:12.551590,28.535999248544538,77.25179952507715,Vehicle Crime,Low,True,INC_000677,District_4,Delhi
2024-09-20 10:28:12.551590,28.294295050932355,77.28127552934018,Vandalism,High,True,INC_000678,District_4,Delhi
2024-04-03 08:28:12.551590,28.54322119741805,77.24870447710346,Burglary,Medium,True,INC_000679,District_2,Delhi
2024-12-04 10:28:12.551590,28.525172458835304,77.24870267586965,Burglary,Low,True,INC_000680,District_9,Delhi
2024-09-20 22:28:12.551590,28.620465154076513,77.11431347429091,Vandalism,High,True,INC_000681,District_6,Delhi
2024-03-10 17:28:12.551590,28.63925430400282,77.27736554352136,Vandalism,Low,False,INC_000682,District_7,Delhi
2025-01-17 02:28:12.551590,28.69364284408934,76.97972647245652,Burglary,Low,True,INC_000683,District_5,Delhi
2025-08-11 23:28:12.551590,28.609307124149385,77.30545392196166,Theft,High,True,INC_000684,District_8,Delhi
2023-10-16 18:28:12.551590,28.54110972649981,77.25233564942583,Assault,Medium,False,INC_000685,District_6,Delhi
2024-11-26 01:28:12.551590,28.472307962054852,77.35991697174688,Vandalism,Low,True,INC_000686,District_3,Delhi
2025-01-14 21:28:12.551590,28.584754708326848,77.37879104630113,Vehicle Crime,High,False,INC_000687,District_8,Delhi
2024-01-17 04:28:12.551590,28.532368347449133,76.9682670766315,Vandalism,High,True,INC_000688,District_1,Delhi
2024-10-29 17:28:12.551590,28.66599046723736,77.1782833403294,Burglary,High,True,INC_000689,District_6,Delhi
2024-12-22 15:28:12.551590,28.798515787492665,77.05725781177794,Theft,High,True,INC_000690,District_8,Delhi
2023-12-07 06:28:12.551590,28.650641743382582,77.18099496549245,Theft,High,True,INC_000691,District_3,Delhi
2024-05-05 08:28:12.551590,28.790704540611625,77.1990067028076,Fraud,Low,False,INC_000692,District_11,Delhi
2024-12-04 20:28:12.551590,28.53824649906521,77.39885965965034,Fraud,Medium,False,INC_000693,District_4,Delhi
2024-04-16 02:28:12.551590,28.697681415230928,77.16357649315555,Burglary,Low,False,INC_000694,District_5,Delhi
2025-02-20 07:28:12.551590,28.49912166852902,77.42448265270349,Vehicle Crime,Low,False,INC_000695,District_3,Delhi
2023-10-31 08:28:12.551590,28.658960618435856,77.15790358802306,Fraud,Low,True,INC_000696,District_5,Delhi
2025-08-17 11:28:12.551590,28.59409344493698,77.26194087635317,Assault,High,False,INC_000697,District_8,Delhi
2024-11-14 16:28:12.551590,28.527425738966738,77.23186777127218,Vandalism,High,True,INC_000698,District_3,Delhi
2025-08-17 22:28:12.551590,28.53791012176408,77.24249215536955,Vandalism,High,True,INC_000699,District_10,Delhi
2024-04-24 13:28:12.551590,28.644758416458906,77.27479532526591,Vandalism,Low,True,INC_000700,District_9,Delhi
2023-12-22 00:28:12.551590,28.584323881608494,77.14738336534977,Vandalism,High,True,INC_000701,District_8,Delhi
2024-05-08 00:28:12.551590,28.654007823029108,77.26911732540667,Vehicle Crime,Medium,True,INC_000702,District_6,Delhi
2024-11-15 16:28:12.551590,28.67915117543492,77.18756259263921,Vehicle Crime,High,True,INC_000703,District_4,Delhi
2024-08-26 16:28:12.551590,28.634175189071662,77.26406597489523,Fraud,High,True,INC_000704,District_7,Delhi
2025-04-04 17:28:12.551590,28.633497203857612,77.18134162795313,Assault,High,True,INC_000705,District_1,Delhi
2023-09-24 01:28:12.551590,28.672668245194536,77.16603564641655,Burglary,Medium,True,INC_000706,District_6,Delhi
2024-04-19 22:28:12.551590,28.614957654697523,77.32149213677641,Fraud,Low,True,INC_000707,District_10,Delhi
2023-10-30 00:28:12.551590,28.65872411309611,77.1877315654494,Fraud,Medium,True,INC_000708,District_1,Delhi
2025-05-30 10:28:12.551590,28.574349578817372,77.15662241201768,Theft,Low,True,INC_000709,District_5,Delhi
2025-06-22 22:28:12.551590,28.66962832847868,77.19098000906429,Assault,Low,True,INC_000710,District_5,Delhi
2025-03-30 05:28:12.551590,28.525143825983232,77.23167048540506,Burglary,High,False,INC_000711,District_9,Delhi
2024-03-17 16:28:12.551590,28.669445819122842,77.18731918064422,Assault,Low,False,INC_000712,District_5,Delhi
2025-01-23 08:28:12.551590,28.670171418852956,77.18057513003558,Fraud,Medium,False,INC_000713,District_5,Delhi
2023-12-19 21:28:12.551590,28.65535821237611,77.17559257143625,Vehicle Crime,High,False,INC_000714,District_9,Delhi
2025-01-16 02:28:12.551590,28.573720643547592,77.30378143095908,Vehicle Crime,Low,False,INC_000715,District_10,Delhi
2024-12-24 04:28:12.551590,28.587419424062308,77.42548918792326,Fraud,High,True,INC_000716,District_6,Delhi
2024-10-17 08:28:12.551590,28.556767202302158,77.22938084655436,Burglary,High,True,INC_000717,District_5,Delhi
2024-03-30 07:28:12.551590,28.630658965612387,77.26878238599487,Fraud,High,True,INC_000718,District_9,Delhi
2024-07-16 14:28:12.551590,28.635633002427944,77.27102269772082,Theft,Low,True,INC_000719,District_8,Delhi
2023-09-05 16:28:12.551590,28.551881274884323,77.25693885433803,Fraud,Medium,True,INC_000720,District_2,Delhi
2024-04-02 02:28:12.551590,28.935615310553843,77.1119830391809,Assault,High,False,INC_000721,District_8,Delhi
2025-02-18 05:28:12.551590,28.656936506328424,77.17752659108464,Theft,High,True,INC_000722,District_10,Delhi
2024-06-14 06:28:12.551590,28.62810674065923,77.25978948648724,Burglary,High,False,INC_000723,District_1,Delhi
2023-09-14 05:28:12.551590,28.64051647918284,77.25890524272855,Vandalism,Medium,True,INC_000724,District_10,Delhi
2025-07-08 19:28:12.551590,28.615161016104704,77.17151489882055,Vandalism,High,True,INC_000725,District_4,Delhi
2024-08-26 17:28:12.551590,28.5244992818606,77.25533293131878,Fraud,High,True,INC_000726,District_4,Delhi
2024-08-04 13:28:12.551590,28.75939422098898,77.08893274017447,Vandalism,Medium,True,INC_000727,District_3,Delhi
2024-10-28 08:28:12.551590,28.69162625120592,77.20892150548558,Vandalism,High,True,INC_000728,District_9,Delhi
2025-06-24 13:28:12.551590,28.532127940796283,77.25006684895968,Vandalism,Low,True,INC_000729,District_10,Delhi
2024-07-07 02:28:12.551590,28.36326930325711,77.0327757134246,Fraud,Medium,True,INC_000730,District_8,Delhi
2025-04-04 21:28:12.551590,28.63120091099606,77.27038717850414,Assault,Medium,True,INC_000731,District_2,Delhi
2023-09-01 15:28:12.551590,28.540728604003878,77.23913033574358,Theft,Medium,True,INC_000732,District_7,Delhi
2025-06-09 07:28:12.551590,28.57211195581334,76.99271967887051,Theft,Medium,False,INC_000733,District_1,Delhi
2023-11-10 06:28:12.551590,28.64321138629281,77.27631090730372,Burglary,High,True,INC_000734,District_3,Delhi
2024-08-03 05:28:12.551590,28.63803498442857,77.28113000989835,Vehicle Crime,Low,True,INC_000735,District_6,Delhi
2023-10-22 02:28:12.551590,28.661478428009858,77.12579614303519,Burglary,Low,True,INC_000736,District_4,Delhi
2025-03-21 12:28:12.551590,28.527356081050048,77.25567237387844,Vandalism,High,True,INC_000737,District_4,Delhi
2024-07-06 21:28:12.551590,28.5257945389114,77.24829172832811,Assault,High,True,INC_000738,District_1,Delhi
2024-05-06 09:28:12.551590,28.595476990308487,77.02594918252056,Theft,Medium,True,INC_000739,District_11,Delhi
2024-12-24 14:28:12.551590,28.633827880142956,77.26364835057537,Burglary,Low,True,INC_000740,District_6,Delhi
2024-09-18 21:28:12.551590,28.45160839459453,77.39900816425767,Assault,High,True,INC_000741,District_9,Delhi
2024-06-13 12:28:12.551590,28.654742299286422,77.2781686243984,Vehicle Crime,Medium,True,INC_000742,District_3,Delhi
2024-10-13 09:28:12.551590,28.477728246438048,77.29343127356096,Burglary,High,True,INC_000743,District_9,Delhi
2025-06-28 05:28:12.551590,28.535363952555045,77.25787120139466,Burglary,High,True,INC_000744,District_7,Delhi
2024-06-21 14:28:12.551590,28.659421837335945,77.16512415179346,Vandalism,High,True,INC_000745,District_5,Delhi
2025-06-02 02:28:12.551590,28.549797893663527,77.2519435406073,Theft,High,True,INC_000746,District_4,Delhi
2023-12-21 00:28:12.551590,28.54407809018685,77.24586953732498,Theft,High,False,INC_000747,District_9,Delhi
2024-07-20 08:28:12.551590,28.707872543112604,77.1688031772553,Vehicle Crime,Medium,True,INC_000748,District_3,Delhi
2023-11-10 10:28:12.551590,28.536143730094985,77.24558049909537,Vehicle Crime,High,False,INC_000749,District_2,Delhi
2024-06-26 19:28:12.551590,28.537351493594382,77.23936725289326,Fraud,High,True,INC_000750,District_9,Delhi
2025-06-17 03:28:12.551590,28.527484317973794,77.25087645197007,Assault,Medium,True,INC_000751,District_11,Delhi
2024-02-19 06:28:12.551590,28.5076089542188,77.25751543734494,Fraud,High,True,INC_000752,District_10,Delhi
2025-04-06 06:28:12.551590,28.545804258661075,77.23861170409212,Burglary,High,True,INC_000753,District_11,Delhi
2023-11-17 00:28:12.551590,28.473166425653066,77.09423014723535,Vehicle Crime,High,False,INC_000754,District_4,Delhi
2025-04-17 03:28:12.551590,28.53001218818393,77.2471651643579,Fraud,Medium,False,INC_000755,District_6,Delhi
2025-08-22 13:28:12.551590,28.738225652413877,77.21371575079371,Assault,High,True,INC_000756,District_5,Delhi
2024-01-03 04:28:12.551590,28.591257949486366,76.77548318740301,Fraud,High,True,INC_000757,District_7,Delhi
2025-06-19 09:28:12.551590,28.65089150317329,77.25518673791596,Theft,Medium,True,INC_000758,District_5,Delhi
2023-10-30 06:28:12.551590,28.620020569915958,77.2768659476409,Vehicle Crime,Low,True,INC_000759,District_10,Delhi
2024-04-06 19:28:12.551590,28.830382830387208,77.02547044885189,Vehicle Crime,Medium,False,INC_000760,District_4,Delhi
2024-01-13 05:28:12.551590,28.418921639036743,77.42384872362243,Vehicle Crime,Medium,True,INC_000761,District_5,Delhi
2024-06-11 18:28:12.551590,28.55200827014955,77.26056581873051,Theft,Low,False,INC_000762,District_10,Delhi
2024-11-21 04:28:12.551590,28.524623848615427,77.25054019087774,Assault,Low,False,INC_000763,District_4,Delhi
2025-05-02 17:28:12.551590,28.59549979002774,77.16660619997145,Burglary,Medium,True,INC_000764,District_1,Delhi
2023-09-14 04:28:12.551590,28.685907605591385,77.16713239020534,Theft,High,False,INC_000765,District_11,Delhi
2024-06-20 01:28:12.551590,28.53436973145928,77.17167468941011,Vandalism,High,True,INC_000766,District_6,Delhi
2023-11-17 06:28:12.551590,28.525609249068424,77.26087635917804,Fraud,Medium,True,INC_000767,District_11,Delhi
2024-10-10 04:28:12.551590,28.734674667087543,77.15814015786948,Vehicle Crime,High,False,INC_000768,District_4,Delhi
2024-09-12 02:28:12.551590,28.633328210708992,77.26604753476082,Theft,Medium,False,INC_000769,District_7,Delhi
2023-12-17 23:28:12.551590,28.634495518583403,77.27810230295673,Vehicle Crime,Medium,True,INC_000770,District_10,Delhi
2023-12-28 16:28:12.551590,28.463297244076042,77.37141837089398,Vandalism,Low,False,INC_000771,District_11,Delhi
2023-10-27 09:28:12.551590,28.539920576226002,77.2650051221149,Vandalism,Medium,True,INC_000772,District_9,Delhi
2024-03-30 16:28:12.551590,28.59641422182159,77.30103133712213,Vandalism,High,False,INC_000773,District_10,Delhi
2025-01-26 01:28:12.551590,28.539657157347637,77.2501188527818,Theft,High,False,INC_000774,District_8,Delhi
2024-05-17 07:28:12.551590,28.512051032022043,77.16043253454252,Burglary,Low,True,INC_000775,District_4,Delhi
2024-04-03 04:28:12.551590,28.659886452255762,77.18689289916331,Burglary,High,True,INC_000776,District_1,Delhi
2025-02-04 03:28:12.551590,28.543835007574607,77.25752381876175,Vandalism,Medium,True,INC_000777,District_8,Delhi
2024-05-23 07:28:12.551590,28.495868637865815,77.12640817359016,Assault,Medium,False,INC_000778,District_2,Delhi
2025-05-30 02:28:12.551590,28.656118492869236,77.16811276314216,Vandalism,High,True,INC_000779,District_5,Delhi
2023-12-28 21:28:12.551590,28.632333095096676,77.26851453775554,Vandalism,Low,True,INC_000780,District_2,Delhi
2025-08-21 07:28:12.551590,28.52985994753371,77.24884294519838,Fraud,Low,True,INC_000781,District_5,Delhi
2024-08-09 14:28:12.551590,28.664108942713884,77.19681703608126,Burglary,Medium,False,INC_000782,District_5,Delhi
2025-05-29 20:28:12.551590,28.50224233498965,77.37233648051145,Fraud,Low,True,INC_000783,District_2,Delhi
2024-03-03 16:28:12.551590,28.52390249435393,77.2626435393222,Assault,High,False,INC_000784,District_11,Delhi
2023-11-15 17:28:12.551590,28.67269834663518,77.28432471666407,Theft,High,True,INC_000785,District_10,Delhi
2024-09-19 13:28:12.551590,28.62235622829008,77.2615819603678,Assault,Medium,True,INC_000786,District_9,Delhi
2024-03-12 16:28:12.551590,28.54819763481109,77.25607350281143,Burglary,Low,True,INC_000787,District_4,Delhi
2024-08-20 06:28:12.551590,28.6630305158438,77.30716972981631,Theft,High,True,INC_000788,District_1,Delhi
2025-07-10 18:28:12.551590,28.652374170686468,77.18797726524951,Vehicle Crime,High,True,INC_000789,District_10,Delhi
2023-11-10 14:28:12.551590,28.56345522427824,77.26219219237667,Burglary,High,True,INC_000790,District_9,Delhi
2025-04-28 15:28:12.551590,28.448379229899324,77.15863484477002,Vandalism,High,True,INC_000791,District_4,Delhi
2023-12-31 02:28:12.551590,28.530033567617163,77.24420066573744,Assault,Medium,True,INC_000792,District_10,Delhi
2025-05-15 20:28:12.551590,28.54260729588809,77.26965525405595,Fraud,Low,False,INC_000793,District_2,Delhi
2025-08-02 12:28:12.551590,28.669488721532684,77.17746134703025,Vehicle Crime,Low,False,INC_000794,District_2,Delhi
2023-09-11 01:28:12.551590,28.610269591775367,77.2520364412989,Vehicle Crime,High,True,INC_000795,District_1,Delhi
2024-03-15 05:28:12.551590,28.642905173265437,77.19286096402033,Theft,High,True,INC_000796,District_10,Delhi
2024-07-23 07:28:12.551590,28.550570814907545,77.1087829971418,Vehicle Crime,Medium,True,INC_000797,District_10,Delhi
2024-02-23 22:28:12.551590,28.540324147400362,77.23097210375315,Theft,Low,True,INC_000798,District_11,Delhi
2024-07-02 22:28:12.551590,28.528766084829215,77.26303704468789,Burglary,Low,True,INC_000799,District_2,Delhi
2024-10-15 10:28:12.551590,28.73501596798331,76.98610437629102,Assault,High,True,INC_000800,District_7,Delhi
2025-06-10 01:28:12.551590,28.65096257458674,77.1918864541101,Assault,Low,False,INC_000801,District_1,Delhi
2023-10-16 17:28:12.551590,28.656662539625362,77.26385623274446,Fraud,Medium,True,INC_000802,District_2,Delhi
2025-02-19 01:28:12.551590,28.665556467190925,77.33097497872978,Fraud,Low,True,INC_000803,District_1,Delhi
2025-06-26 10:28:12.551590,28.656724663042226,77.17755580203539,Theft,High,True,INC_000804,District_4,Delhi
2023-09-12 02:28:12.551590,28.54275273245417,77.28828478347897,Burglary,Low,True,INC_000805,District_3,Delhi
2024-09-19 01:28:12.551590,28.66815303023705,77.20194569892186,Theft,Low,False,INC_000806,District_3,Delhi
2025-06-19 18:28:12.551590,28.697421675104003,77.17184243055664,Theft,High,True,INC_000807,District_10,Delhi
2024-06-12 10:28:12.551590,28.665613597270816,77.17613453833168,Burglary,High,True,INC_000808,District_8,Delhi
2024-10-28 19:28:12.551590,28.692107341048143,77.29682428138831,Vehicle Crime,High,True,INC_000809,District_8,Delhi
2025-04-28 12:28:12.551590,28.64285148064002,77.26783268384995,Vandalism,Low,True,INC_000810,District_1,Delhi
2025-01-14 01:28:12.551590,28.52145538057032,77.25335221818062,Assault,Medium,True,INC_000811,District_4,Delhi
2024-10-26 22:28:12.551590,28.655335357119533,77.19559357081407,Assault,Low,True,INC_000812,District_2,Delhi
2024-06-01 00:28:12.551590,28.661920313894576,77.16679601179267,Burglary,High,True,INC_000813,District_5,Delhi
2025-08-20 17:28:12.551590,28.633546070449107,76.97287257358248,Assault,Medium,True,INC_000814,District_9,Delhi
2023-10-02 09:28:12.551590,28.500397483648857,77.05326964227672,Vandalism,High,True,INC_000815,District_9,Delhi
2024-07-02 14:28:12.551590,28.67102658085964,77.1809109156267,Burglary,Low,True,INC_000816,District_2,Delhi
2024-08-26 09:28:12.551590,28.63421133660583,77.27771925452562,Assault,Medium,True,INC_000817,District_3,Delhi
2025-07-31 12:28:12.551590,28.647520523802438,77.27382335564829,Assault,Low,True,INC_000818,District_10,Delhi
2023-10-20 22:28:12.551590,28.529329854226656,77.24109968249192,Assault,Medium,False,INC_000819,District_11,Delhi
2024-08-25 11:28:12.551590,28.53804525794862,77.24800949608682,Fraud,High,False,INC_000820,District_5,Delhi
2025-03-03 17:28:12.551590,28.619985496474296,77.26929478663476,Fraud,High,True,INC_000821,District_9,Delhi
2025-01-02 11:28:12.551590,28.67802239324539,77.20324472036569,Theft,High,True,INC_000822,District_2,Delhi
2024-10-12 08:28:12.551590,28.565191156922847,77.30374721717072,Assault,Low,True,INC_000823,District_11,Delhi
2024-10-21 18:28:12.551590,28.535022054676507,77.24355326611895,Assault,High,True,INC_000824,District_11,Delhi
2024-12-03 13:28:12.551590,28.62451725356369,77.25379858102963,Fraud,High,False,INC_000825,District_10,Delhi
2023-11-17 09:28:12.551590,28.641091400594135,77.34060563076211,Vehicle Crime,Medium,True,INC_000826,District_5,Delhi
2024-11-29 09:28:12.551590,28.53280499647032,77.24909819159406,Vehicle Crime,Medium,True,INC_000827,District_2,Delhi
2024-06-08 15:28:12.551590,28.567604335519174,77.2478687163866,Burglary,Medium,True,INC_000828,District_6,Delhi
2024-08-30 20:28:12.551590,28.5334156139809,77.27701286163415,Vehicle Crime,Low,False,INC_000829,District_4,Delhi
2025-07-15 15:28:12.551590,28.58628214234346,77.15517348349853,Fraud,Medium,True,INC_000830,District_4,Delhi
2024-01-16 16:28:12.551590,28.660657578663024,77.18397935431962,Burglary,High,True,INC_000831,District_1,Delhi
2024-12-02 09:28:12.551590,28.671894628046026,77.18638708495968,Vandalism,High,True,INC_000832,District_7,Delhi
2025-08-19 21:28:12.551590,28.667378745360253,77.16856862589455,Assault,Medium,True,INC_000833,District_3,Delhi
2024-04-13 05:28:12.551590,28.641604337593385,77.09803990351237,Theft,High,True,INC_000834,District_2,Delhi
2024-11-03 03:28:12.551590,28.673764080383556,77.17903313793063,Theft,High,True,INC_000835,District_8,Delhi
2025-05-14 07:28:12.551590,28.53773034630029,77.24893769341723,Burglary,Medium,False,INC_000836,District_6,Delhi
2023-11-10 04:28:12.551590,28.85359792069552,77.18884232777083,Assault,Medium,True,INC_000837,District_9,Delhi
2023-10-29 11:28:12.551590,28.668339300567037,77.16452524019039,Vandalism,Low,True,INC_000838,District_2,Delhi
2024-08-10 23:28:12.551590,28.643711375586175,77.26769430061081,Vehicle Crime,Medium,True,INC_000839,District_3,Delhi
2023-08-31 20:28:12.551590,28.661891952567164,77.16987807143316,Assault,Low,False,INC_000840,District_11,Delhi
2023-09-12 15:28:12.551590,28.50300499268696,76.98581105546786,Vehicle Crime,Medium,True,INC_000841,District_7,Delhi
2024-10-18 18:28:12.551590,28.654840498003914,77.1689691162549,Fraud,High,False,INC_000842,District_3,Delhi
2025-02-14 17:28:12.551590,28.39790052362571,76.99421931588483,Vandalism,High,True,INC_000843,District_10,Delhi
2024-02-20 07:28:12.551590,28.670407671581692,77.18009557534313,Vehicle Crime,High,True,INC_000844,District_8,Delhi
2024-11-05 00:28:12.551590,28.664833145123165,77.17350945198638,Fraud,High,True,INC_000845,District_6,Delhi
2023-11-08 10:28:12.551590,28.565315646250454,77.12766640096609,Assault,Low,True,INC_000846,District_10,Delhi
2024-03-18 00:28:12.551590,28.605931040706647,77.17254304976966,Fraud,High,True,INC_000847,District_5,Delhi
2024-05-17 15:28:12.551590,28.580137724608157,77.07820834473765,Assault,Low,False,INC_000848,District_5,Delhi
2023-10-02 09:28:12.551590,28.721014625253027,77.07161307132658,Theft,High,False,INC_000849,District_8,Delhi
2023-12-24 07:28:12.551590,28.53147561471661,77.24400420996226,Theft,High,False,INC_000850,District_2,Delhi
2024-11-16 22:28:12.551590,28.632831820389207,76.98032545317007,Vandalism,High,True,INC_000851,District_5,Delhi
2025-05-23 19:28:12.551590,28.549452297288173,77.24323606988982,Vandalism,Medium,True,INC_000852,District_9,Delhi
2025-04-15 08:28:12.551590,28.564474013654547,77.12629045884685,Assault,High,True,INC_000853,District_9,Delhi
2023-10-29 01:28:12.551590,28.53382267914984,77.24605436525579,Vandalism,Low,True,INC_000854,District_3,Delhi
2024-03-18 22:28:12.551590,28.63924061748621,77.27194779253146,Fraud,Medium,False,INC_000855,District_1,Delhi
2024-12-05 20:28:12.551590,28.660629184744273,77.17290864385248,Theft,Medium,True,INC_000856,District_6,Delhi
2024-08-26 15:28:12.551590,28.62804612097882,77.27119815013442,Fraud,Low,False,INC_000857,District_4,Delhi
2023-09-02 06:28:12.551590,28.539435623597377,77.25235129173215,Fraud,Medium,True,INC_000858,District_5,Delhi
2024-05-09 20:28:12.551590,28.63204725494923,77.32265821998689,Fraud,High,True,INC_000859,District_8,Delhi
2024-12-08 19:28:12.551590,28.534933009540467,77.25853530740106,Theft,Low,True,INC_000860,District_2,Delhi
2024-04-23 19:28:12.551590,28.541564854284623,77.22781539781981,Theft,Low,True,INC_000861,District_4,Delhi
2025-06-21 20:28:12.551590,28.637148804969154,77.25918818911602,Vehicle Crime,Low,True,INC_000862,District_3,Delhi
2024-11-10 21:28:12.551590,28.662211417917913,77.18125883498107,Vehicle Crime,Medium,True,INC_000863,District_1,Delhi
2024-08-07 23:28:12.551590,28.62279853937372,77.2690708414542,Fraud,Medium,True,INC_000864,District_8,Delhi
2024-11-08 20:28:12.551590,28.515953717586243,77.33646142390576,Fraud,High,True,INC_000865,District_2,Delhi
2024-12-11 22:28:12.551590,28.67449691136509,77.19118359825865,Theft,Low,True,INC_000866,District_5,Delhi
2023-09-25 00:28:12.551590,28.539366758433903,77.24973650072228,Vehicle Crime,Medium,True,INC_000867,District_11,Delhi
2025-03-17 23:28:12.551590,28.655740967672926,77.16739104817401,Vehicle Crime,Medium,True,INC_000868,District_9,Delhi
2024-07-13 10:28:12.551590,28.615873747692568,77.32809552428546,Vehicle Crime,Low,True,INC_000869,District_8,Delhi
2024-08-18 12:28:12.551590,28.532475506897924,77.2556140081834,Assault,Low,True,INC_000870,District_11,Delhi
2025-05-25 00:28:12.551590,28.61030882789857,77.16145923726505,Assault,High,False,INC_000871,District_8,Delhi
2025-05-03 17:28:12.551590,28.540716058945822,77.25314933513675,Assault,Medium,True,INC_000872,District_4,Delhi
2023-10-12 19:28:12.551590,28.61647752501383,77.48754616056402,Burglary,Low,True,INC_000873,District_4,Delhi
2024-09-22 05:28:12.551590,28.542441095943012,77.24709052603053,Vehicle Crime,Low,True,INC_000874,District_1,Delhi
2023-09-24 19:28:12.551590,28.525403511551776,77.25130731422259,Burglary,Low,True,INC_000875,District_7,Delhi
2025-02-13 02:28:12.551590,28.65157657514383,77.40903348928622,Burglary,Medium,True,INC_000876,District_6,Delhi
2024-01-27 03:28:12.551590,28.529867652813593,77.24690082961801,Assault,Medium,True,INC_000877,District_7,Delhi
2023-12-02 11:28:12.551590,28.519916378031482,77.24432980133398,Fraud,Medium,False,INC_000878,District_8,Delhi
2024-10-24 10:28:12.551590,28.655782790889774,77.1855210869402,Vandalism,Low,False,INC_000879,District_8,Delhi
2025-06-05 14:28:12.551590,28.537756737643974,77.26253463442819,Theft,High,False,INC_000880,District_8,Delhi
2025-07-25 18:28:12.551590,28.725550361357556,77.16751912589405,Assault,Low,True,INC_000881,District_4,Delhi
2023-12-31 00:28:12.551590,28.525707059463585,77.02413548587835,Theft,Low,True,INC_000882,District_11,Delhi
2024-03-18 09:28:12.551590,28.535734236804398,77.25874997628333,Vehicle Crime,Medium,True,INC_000883,District_7,Delhi
2025-01-22 07:28:12.551590,28.533939724408715,77.25308971469396,Vehicle Crime,High,True,INC_000884,District_4,Delhi
2024-01-09 22:28:12.551590,28.64426159594736,77.17822530542088,Theft,High,True,INC_000885,District_1,Delhi
2023-11-01 10:28:12.551590,28.68782808660201,77.1722360342377,Fraud,Low,True,INC_000886,District_8,Delhi
2024-12-31 12:28:12.551590,28.669119187395772,77.16422037260456,Vehicle Crime,Medium,True,INC_000887,District_2,Delhi
2024-06-17 00:28:12.551590,28.60010583328554,77.50553613929804,Assault,Medium,True,INC_000888,District_11,Delhi
2024-09-19 20:28:12.551590,28.539684086090748,77.2264693349118,Vandalism,Low,False,INC_000889,District_2,Delhi
2025-05-26 05:28:12.551590,28.733454463408584,77.03188663029076,Assault,High,True,INC_000890,District_9,Delhi
2025-08-01 15:28:12.551590,28.51581605738915,77.25001745113673,Theft,High,True,INC_000891,District_5,Delhi
2024-08-13 04:28:12.551590,28.531449897386796,77.24493149579867,Vandalism,High,True,INC_000892,District_1,Delhi
2024-03-18 05:28:12.551590,28.52369826219189,77.25237588825271,Assault,High,False,INC_000893,District_1,Delhi
2024-12-25 08:28:12.551590,28.719498536522934,77.14482103815418,Burglary,Low,True,INC_000894,District_1,Delhi
2024-05-24 02:28:12.551590,28.601953739520553,77.28405474043213,Burglary,Low,False,INC_000895,District_9,Delhi
2024-09-13 14:28:12.551590,28.511005663117125,77.13998123826654,Theft,Low,False,INC_000896,District_1,Delhi
2024-07-24 14:28:12.551590,28.675633108326167,77.16991813320135,Vandalism,High,True,INC_000897,District_6,Delhi
2024-12-22 01:28:12.551590,28.660100847770984,77.16664771554652,Vehicle Crime,Low,False,INC_000898,District_9,Delhi
2025-05-20 14:28:12.551590,28.65294969754172,77.26579850959236,Assault,High,True,INC_000899,District_9,Delhi
2025-05-11 02:28:12.551590,28.621545201698655,77.27056869797313,Vandalism,Medium,True,INC_000900,District_3,Delhi
2024-05-07 18:28:12.551590,28.63470583439837,77.27496874764896,Vandalism,Low,True,INC_000901,District_4,Delhi
2023-10-05 02:28:12.551590,28.75950704386958,77.26864729285549,Vandalism,High,True,INC_000902,District_5,Delhi
2024-10-10 18:28:12.551590,28.642173929251342,77.28005135434543,Burglary,High,True,INC_000903,District_2,Delhi
2024-11-04 18:28:12.551590,28.628708380210266,77.28017125736734,Vehicle Crime,High,True,INC_000904,District_11,Delhi
2025-03-24 05:28:12.551590,28.545876284656398,77.2264294478315,Vehicle Crime,High,False,INC_000905,District_11,Delhi
2025-01-19 00:28:12.551590,28.70712017286431,77.34240680459015,Theft,High,True,INC_000906,District_1,Delhi
2024-05-26 21:28:12.551590,28.662708275112387,77.18206885523067,Assault,Low,True,INC_000907,District_8,Delhi
2025-06-12 09:28:12.551590,28.549686003066732,77.23878376479624,Assault,High,False,INC_000908,District_1,Delhi
2025-08-23 19:28:12.551590,28.92461465089458,77.33007668837793,Fraud,High,True,INC_000909,District_5,Delhi
2025-05-16 19:28:12.551590,28.409019802464783,77.17696265453455,Vandalism,Medium,True,INC_000910,District_11,Delhi
2024-07-01 21:28:12.551590,28.726647644759016,77.06929598552935,Vandalism,High,True,INC_000911,District_1,Delhi
2024-07-18 23:28:12.551590,28.65881592353358,77.16847882279029,Assault,High,True,INC_000912,District_9,Delhi
2023-12-02 07:28:12.551590,28.522652091892876,77.26322068044809,Fraud,High,False,INC_000913,District_6,Delhi
2023-12-04 19:28:12.551590,28.473758393717556,77.3408314727369,Fraud,Medium,False,INC_000914,District_9,Delhi
2024-11-01 17:28:12.551590,28.636964416940117,77.18858657443342,Theft,Low,True,INC_000915,District_11,Delhi
2024-02-16 21:28:12.551590,28.62750440441294,77.26593431506485,Burglary,Medium,True,INC_000916,District_2,Delhi
2024-02-04 09:28:12.551590,28.684526558030363,77.17652545889483,Burglary,Medium,True,INC_000917,District_11,Delhi
2025-02-14 07:28:12.551590,28.662703089552142,77.18212039570375,Fraud,Low,True,INC_000918,District_5,Delhi
2024-01-05 23:28:12.551590,28.636300876315573,77.27509149964284,Burglary,Medium,True,INC_000919,District_8,Delhi
2023-09-30 09:28:12.551590,28.67539758299373,77.19222052263619,Assault,High,True,INC_000920,District_5,Delhi
2025-02-22 02:28:12.551590,28.65398614583925,77.17747797413803,Assault,High,True,INC_000921,District_6,Delhi
2025-07-26 11:28:12.551590,28.534959322876954,77.24512016173469,Vehicle Crime,Low,False,INC_000922,District_7,Delhi
2023-10-14 11:28:12.551590,28.538183647425072,77.23934721223493,Assault,High,True,INC_000923,District_8,Delhi
2025-04-07 18:28:12.551590,28.619309025439392,77.270279940174,Burglary,High,True,INC_000924,District_7,Delhi
2025-04-09 06:28:12.551590,28.66292328184218,77.17587454373947,Fraud,High,True,INC_000925,District_9,Delhi
2025-05-20 01:28:12.551590,28.536887819344965,77.23814349594433,Fraud,Medium,True,INC_000926,District_11,Delhi
2024-01-12 17:28:12.551590,28.624708504221463,77.28769810964174,Fraud,Low,True,INC_000927,District_9,Delhi
2025-04-10 22:28:12.551590,28.699206949576734,77.25405120966425,Theft,Medium,True,INC_000928,District_2,Delhi
2024-07-10 22:28:12.551590,28.535249985916117,77.23563577222384,Vandalism,High,False,INC_000929,District_4,Delhi
2025-01-13 00:28:12.551590,28.66790328175714,77.17968823547915,Burglary,Medium,True,INC_000930,District_10,Delhi
2023-10-16 02:28:12.551590,28.628863433171265,77.2610655719937,Theft,Medium,True,INC_000931,District_7,Delhi
2024-05-21 14:28:12.551590,28.498593071276836,77.23299656754645,Fraud,Medium,True,INC_000932,District_8,Delhi
2023-12-26 16:28:12.551590,28.6198294844743,77.28109760467741,Assault,Medium,True,INC_000933,District_8,Delhi
2025-01-20 13:28:12.551590,28.659696169419064,77.17392153753799,Vandalism,High,True,INC_000934,District_2,Delhi
2023-09-17 17:28:12.551590,28.406904812264177,77.1354373143692,Theft,Low,True,INC_000935,District_9,Delhi
2024-10-12 10:28:12.551590,28.62627495231697,77.28709212928655,Theft,Low,True,INC_000936,District_3,Delhi
2024-06-16 06:28:12.551590,28.647078842843943,77.18570222019423,Vehicle Crime,Medium,True,INC_000937,District_10,Delhi
2025-05-18 14:28:12.551590,28.530294010880066,77.26442239852453,Vandalism,High,False,INC_000938,District_7,Delhi
2023-12-15 03:28:12.551590,28.66150886291767,77.17890110157468,Vehicle Crime,Medium,True,INC_000939,District_4,Delhi
2024-01-18 16:28:12.551590,28.31113011899064,77.1956128837496,Theft,High,True,INC_000940,District_5,Delhi
2025-07-02 20:28:12.551590,28.666631046840642,77.18185805552271,Vehicle Crime,High,True,INC_000941,District_4,Delhi
2024-01-06 05:28:12.551590,28.638554034965612,77.26442381143715,Assault,High,True,INC_000942,District_2,Delhi
2023-11-21 14:28:12.551590,28.742837838811752,77.18691459104204,Assault,High,False,INC_000943,District_6,Delhi
2024-05-08 18:28:12.551590,28.67055087319029,77.23216978801531,Theft,High,False,INC_000944,District_9,Delhi
2025-03-11 16:28:12.551590,28.65295347531216,77.19798755622297,Vandalism,Medium,True,INC_000945,District_2,Delhi
2023-10-24 02:28:12.551590,28.6382832598453,77.2489629664096,Assault,Medium,False,INC_000946,District_10,Delhi
2025-05-06 02:28:12.551590,28.53716645077422,76.93182815542251,Burglary,High,False,INC_000947,District_7,Delhi
2023-09-17 06:28:12.551590,28.350480124348298,77.28301126429417,Vehicle Crime,Low,False,INC_000948,District_4,Delhi
2025-08-08 10:28:12.551590,28.531574053374367,77.23260397285128,Assault,High,False,INC_000949,District_8,Delhi
2024-12-06 23:28:12.551590,28.671542242761518,77.19457049660947,Assault,High,True,INC_000950,District_4,Delhi
2023-10-07 15:28:12.551590,28.534279502466518,77.23848955651646,Burglary,Medium,True,INC_000951,District_7,Delhi
2024-06-22 15:28:12.551590,28.645988992838202,77.27105908685623,Theft,High,True,INC_000952,District_11,Delhi
2024-09-06 07:28:12.551590,28.630472646447018,77.26437302833341,Fraud,High,False,INC_000953,District_3,Delhi
2025-06-28 08:28:12.551590,28.682665251187668,77.19260662201323,Vehicle Crime,Low,True,INC_000954,District_6,Delhi
2024-05-20 04:28:12.551590,28.65534025886712,77.17578801765579,Vehicle Crime,Medium,False,INC_000955,District_11,Delhi
2024-05-28 04:28:12.551590,28.66068112995884,77.18621183788528,Burglary,High,True,INC_000956,District_11,Delhi
2025-04-16 10:28:12.551590,28.473513445464945,77.31932009411437,Theft,High,True,INC_000957,District_8,Delhi
2024-09-04 03:28:12.551590,28.540740221486715,77.25589602999007,Assault,High,False,INC_000958,District_8,Delhi
2024-12-18 21:28:12.551590,28.647113550434465,77.27330864014674,Vandalism,High,True,INC_000959,District_4,Delhi
2025-01-20 11:28:12.551590,28.672524120043757,77.1812256302571,Vehicle Crime,High,True,INC_000960,District_9,Delhi
2025-01-03 08:28:12.551590,28.659190968121504,77.17961025390521,Vandalism,Low,True,INC_000961,District_6,Delhi
2024-06-29 23:28:12.551590,28.78260349752552,77.38667771653225,Burglary,Medium,True,INC_000962,District_8,Delhi
2023-11-15 18:28:12.551590,28.527251349258925,77.235360931326,Assault,High,False,INC_000963,District_9,Delhi
2023-12-10 21:28:12.551590,28.59602686079741,77.16965780604578,Vandalism,Medium,False,INC_000964,District_2,Delhi
2024-02-08 12:28:12.551590,28.62027490751155,77.27948767834823,Theft,High,True,INC_000965,District_5,Delhi
2024-08-13 17:28:12.551590,28.657568222957423,77.18017488440616,Vandalism,Low,True,INC_000966,District_1,Delhi
2023-10-21 20:28:12.551590,28.530379306402846,77.2421581123983,Fraud,High,False,INC_000967,District_8,Delhi
2023-09-12 19:28:12.551590,28.645643145462287,77.27819568130383,Fraud,Low,True,INC_000968,District_1,Delhi
2025-08-09 00:28:12.551590,28.674780860850984,77.1817741170649,Fraud,Low,False,INC_000969,District_1,Delhi
2025-04-15 22:28:12.551590,28.72257767713454,77.25296634672101,Vandalism,High,True,INC_000970,District_10,Delhi
2024-07-10 20:28:12.551590,28.651841926529045,77.17642522463863,Fraud,Low,False,INC_000971,District_4,Delhi
2024-08-23 17:28:12.551590,28.617801039282725,77.2673771642411,Vehicle Crime,Medium,False,INC_000972,District_1,Delhi
2025-06-06 14:28:12.551590,28.667201461614056,76.98880677550969,Vehicle Crime,High,True,INC_000973,District_3,Delhi
2024-04-12 20:28:12.551590,28.583946086123554,77.30481818403469,Assault,Medium,False,INC_000974,District_6,Delhi
2023-10-22 11:28:12.551590,28.66503984191527,77.18520597200923,Assault,Medium,False,INC_000975,District_6,Delhi
2024-06-24 17:28:12.551590,28.63176273472245,77.28216532216113,Assault,High,True,INC_000976,District_9,Delhi
2024-08-04 16:28:12.551590,28.587402661980096,77.4700649985449,Vehicle Crime,Medium,True,INC_000977,District_6,Delhi
2023-11-05 09:28:12.551590,28.55121532088401,77.24040955276122,Assault,Low,True,INC_000978,District_7,Delhi
2025-01-07 23:28:12.551590,28.629473178964933,77.27614457499749,Vandalism,Low,False,INC_000979,District_11,Delhi
2025-04-01 15:28:12.551590,28.68877080157453,77.15886088047674,Fraud,High,True,INC_000980,District_7,Delhi
2024-04-21 18:28:12.551590,28.670764993294785,77.17175174085381,Burglary,Medium,True,INC_000981,District_8,Delhi
2023-12-07 15:28:12.551590,28.643295793722405,77.2777417954329,Theft,Low,True,INC_000982,District_9,Delhi
2025-04-12 08:28:12.551590,28.637374555853707,77.27286860780835,Vandalism,Medium,False,INC_000983,District_11,Delhi
2024-10-17 08:28:12.551590,28.61138688007316,77.18221913565294,Fraud,Low,False,INC_000984,District_11,Delhi
2025-02-28 17:28:12.551590,28.53641150894102,77.2480912448246,Burglary,High,False,INC_000985,District_7,Delhi
2024-12-28 02:28:12.551590,28.67384496068012,77.17961200605687,Vehicle Crime,Medium,False,INC_000986,District_3,Delhi
2024-01-31 20:28:12.551590,28.66687247796537,77.1767021837781,Burglary,High,True,INC_000987,District_3,Delhi
2025-04-12 04:28:12.551590,28.535270960315344,77.2520039925312,Vandalism,Low,False,INC_000988,District_2,Delhi
2024-05-16 06:28:12.551590,28.642532039515796,77.25132118755633,Burglary,Medium,True,INC_000989,District_5,Delhi
2024-06-10 17:28:12.551590,28.623166083416407,77.27081856365864,Fraud,High,True,INC_000990,District_6,Delhi
2024-05-28 08:28:12.551590,28.654791730150357,77.17241819143084,Assault,Medium,True,INC_000991,District_4,Delhi
2025-01-17 16:28:12.551590,28.543267001465736,77.2758855580309,Theft,High,False,INC_000992,District_3,Delhi
2024-02-14 21:28:12.551590,28.675407235525142,77.17904924002217,Theft,Medium,False,INC_000993,District_2,Delhi
2025-08-21 00:28:12.551590,28.736803510422007,77.1898595938423,Theft,Low,True,INC_000994,District_3,Delhi
2024-11-17 23:28:12.551590,28.770088677043184,76.96746187853239,Theft,Low,True,INC_000995,District_10,Delhi
2025-04-20 12:28:12.551590,28.66299635476854,77.15970375457124,Burglary,High,False,INC_000996,District_9,Delhi
2024-10-06 07:28:12.551590,28.668326057302476,77.17362653290797,Burglary,Low,True,INC_000997,District_11,Delhi
2024-08-27 23:28:12.551590,28.630292478248926,77.25945365072344,Assault,Low,True,INC_000998,District_5,Delhi
2023-12-28 21:28:12.551590,28.662913069390136,77.26248544831579,Theft,Low,True,INC_000999,District_9,Delhi
2025-06-10 09:28:12.551590,28.669857408873195,77.17839965146457,Fraud,Medium,True,INC_001000,District_9,Delhi
2025-05-30 18:28:12.551590,28.63611104792745,77.19105944834502,Vandalism,Medium,True,INC_001001,District_5,Delhi
2023-10-18 14:28:12.551590,28.667882692492277,77.17516101650054,Theft,High,True,INC_001002,District_8,Delhi
2025-06-17 04:28:12.551590,28.506838428525302,77.24131077830319,Fraud,Medium,True,INC_001003,District_9,Delhi
2025-07-01 18:28:12.551590,28.52800754804299,77.2475014392811,Vehicle Crime,Medium,False,INC_001004,District_2,Delhi
2025-01-15 23:28:12.551590,28.656247776802434,77.1556709178558,Vandalism,Low,True,INC_001005,District_1,Delhi
2024-08-06 15:28:12.551590,28.63629411889417,77.28058328066082,Vehicle Crime,High,True,INC_001006,District_11,Delhi
2023-11-25 01:28:12.551590,28.66744229211872,77.1922991969192,Fraud,Low,True,INC_001007,District_2,Delhi
2023-09-17 06:28:12.551590,28.642942903811065,77.25085746753471,Fraud,High,False,INC_001008,District_11,Delhi
2023-10-19 03:28:12.551590,28.6765659394315,77.25251325117287,Burglary,Medium,False,INC_001009,District_9,Delhi
2024-08-18 02:28:12.551590,28.67432697080928,77.17021282603478,Assault,High,False,INC_001010,District_3,Delhi
2023-09-03 03:28:12.551590,28.5281919485672,77.25290955479866,Vandalism,Medium,False,INC_001011,District_3,Delhi
2024-01-14 19:28:12.551590,28.642632971419697,77.26794372988772,Vehicle Crime,Medium,False,INC_001012,District_9,Delhi
2024-03-29 23:28:12.551590,28.54918704421781,77.24104339995579,Vandalism,High,True,INC_001013,District_8,Delhi
2024-02-14 21:28:12.551590,28.629656071927094,77.26069526275465,Assault,Low,False,INC_001014,District_1,Delhi
2023-09-07 01:28:12.551590,28.626042085933033,77.1999202912852,Vandalism,Medium,True,INC_001015,District_7,Delhi
2023-12-31 18:28:12.551590,28.861782849111584,77.40179876134208,Assault,Medium,True,INC_001016,District_2,Delhi
2025-08-12 14:28:12.551590,28.68131853924239,77.194668011794,Fraud,Medium,False,INC_001017,District_4,Delhi
2024-06-13 13:28:12.551590,28.438259459184394,77.04052037423007,Vehicle Crime,Low,False,INC_001018,District_3,Delhi
2023-12-24 16:28:12.551590,28.645596232218455,77.27246103133587,Vandalism,High,True,INC_001019,District_2,Delhi
2024-05-13 17:28:12.551590,28.67050303574118,77.18423434599333,Assault,Low,True,INC_001020,District_7,Delhi
2025-01-05 04:28:12.551590,28.64309246730157,77.17123587023002,Vehicle Crime,Low,True,INC_001021,District_2,Delhi
2025-06-01 00:28:12.551590,28.65669789680885,77.18542020005596,Vandalism,Medium,True,INC_001022,District_3,Delhi
2025-06-08 17:28:12.551590,28.647106222880993,77.17943342100686,Vandalism,High,False,INC_001023,District_8,Delhi
2025-06-07 16:28:12.551590,28.642939629316622,77.27454515714673,Fraud,High,True,INC_001024,District_6,Delhi
2024-06-04 13:28:12.551590,28.666147463828164,77.17209915344687,Fraud,Medium,False,INC_001025,District_1,Delhi
2025-01-08 05:28:12.551590,28.66364813401607,77.16405084323692,Fraud,Medium,True,INC_001026,District_2,Delhi
2024-05-23 03:28:12.551590,28.657417096012335,77.17677663316061,Fraud,Medium,True,INC_001027,District_4,Delhi
2025-05-30 00:28:12.551590,28.58560655152599,77.0583817867628,Vandalism,Low,False,INC_001028,District_9,Delhi
2024-08-30 23:28:12.551590,28.5884803785686,77.34647646212876,Assault,High,True,INC_001029,District_8,Delhi
2025-03-20 18:28:12.551590,28.629364564592557,77.28308728707646,Assault,High,False,INC_001030,District_4,Delhi
2024-04-13 02:28:12.551590,28.514131080425706,77.25654475742759,Vandalism,Low,True,INC_001031,District_7,Delhi
2025-04-28 23:28:12.551590,28.64507778146123,77.2253439527797,Assault,High,True,INC_001032,District_1,Delhi
2024-02-08 05:28:12.551590,28.627958006442974,77.2636688705199,Vehicle Crime,Low,True,INC_001033,District_7,Delhi
2024-08-03 12:28:12.551590,28.67856066514061,77.0217026957749,Vehicle Crime,Low,False,INC_001034,District_5,Delhi
2025-07-10 13:28:12.551590,28.65944082409522,77.10709714229031,Vandalism,Medium,True,INC_001035,District_10,Delhi
2025-01-10 12:28:12.551590,28.62994289230372,77.27044058090479,Fraud,Low,False,INC_001036,District_11,Delhi
2024-03-25 14:28:12.551590,28.6279530045397,77.25337836500488,Vehicle Crime,High,False,INC_001037,District_10,Delhi
2025-05-28 18:28:12.551590,28.630324231233303,77.26692534553077,Vandalism,Medium,False,INC_001038,District_10,Delhi
2024-08-12 20:28:12.551590,28.642833701006847,77.2637156021125,Vehicle Crime,High,True,INC_001039,District_11,Delhi
2024-11-12 06:28:12.551590,28.618781847371185,77.27509010686055,Assault,High,True,INC_001040,District_1,Delhi
2023-11-18 09:28:12.551590,28.627756083866547,77.2723095011371,Vandalism,High,True,INC_001041,District_10,Delhi
2025-03-06 09:28:12.551590,28.661537212441353,77.18319902299919,Assault,Medium,True,INC_001042,District_1,Delhi
2023-12-30 23:28:12.551590,28.623184531163073,77.25322195844721,Theft,Medium,False,INC_001043,District_2,Delhi
2025-02-24 07:28:12.551590,28.634166755520546,77.27694763617502,Vehicle Crime,High,False,INC_001044,District_2,Delhi
2024-07-03 11:28:12.551590,28.5326559114651,77.24363215463634,Vehicle Crime,Low,True,INC_001045,District_1,Delhi
2025-06-15 10:28:12.551590,28.646908161578278,77.27315202975004,Assault,Medium,False,INC_001046,District_4,Delhi
2025-03-17 00:28:12.551590,28.67464014607823,77.1966439047042,Vandalism,High,False,INC_001047,District_4,Delhi
2024-04-21 00:28:12.551590,28.654311720884497,77.17619808205245,Burglary,Medium,False,INC_001048,District_4,Delhi
2023-11-16 12:28:12.551590,28.51520643559006,77.25100726333052,Vehicle Crime,High,True,INC_001049,District_4,Delhi
2024-08-03 13:28:12.551590,28.593586925409106,77.16100508553325,Assault,High,True,INC_001050,District_9,Delhi
2023-12-11 18:28:12.551590,28.6504968134513,77.26087446603678,Theft,High,True,INC_001051,District_6,Delhi
2025-02-05 19:28:12.551590,28.52608778172667,77.24075512235177,Fraud,Medium,True,INC_001052,District_2,Delhi
2025-03-06 11:28:12.551590,28.766617637975987,77.34988062128556,Theft,High,False,INC_001053,District_7,Delhi
2024-08-29 11:28:12.551590,28.653100968051753,77.25673673106381,Burglary,Low,True,INC_001054,District_8,Delhi
2025-08-14 17:28:12.551590,28.527149680469748,77.23248370116825,Burglary,High,True,INC_001055,District_9,Delhi
2023-09-09 10:28:12.551590,28.544309637065872,77.22995307931818,Fraud,High,True,INC_001056,District_11,Delhi
2024-07-19 16:28:12.551590,28.68709235248297,77.19975350237056,Fraud,Medium,True,INC_001057,District_4,Delhi
2024-09-01 04:28:12.551590,28.66083332693599,77.15709159050445,Vehicle Crime,Low,True,INC_001058,District_5,Delhi
2024-06-23 08:28:12.551590,28.550025151652278,77.22099784954936,Theft,Low,False,INC_001059,District_8,Delhi
2025-01-11 15:28:12.551590,28.548587559975502,77.25266350469589,Vehicle Crime,Low,False,INC_001060,District_2,Delhi
2025-05-19 02:28:12.551590,28.53803071019604,77.24787125030896,Theft,Medium,False,INC_001061,District_7,Delhi
2024-05-03 23:28:12.551590,28.60798087809812,77.39009928860811,Vandalism,Medium,True,INC_001062,District_7,Delhi
2024-02-09 13:28:12.551590,28.731666966658118,77.51141339291198,Theft,Medium,False,INC_001063,District_1,Delhi
2023-10-23 11:28:12.551590,28.827473863245572,77.33179835937263,Fraud,Medium,True,INC_001064,District_9,Delhi
2024-07-02 10:28:12.551590,28.786315673956885,77.37959561069056,Vehicle Crime,Low,True,INC_001065,District_8,Delhi
2024-02-11 13:28:12.551590,28.656450159756343,77.17156840815636,Fraud,Low,True,INC_001066,District_8,Delhi
2024-04-20 19:28:12.551590,28.637853733199723,77.26769999486491,Theft,Low,True,INC_001067,District_1,Delhi
2024-10-27 14:28:12.551590,28.62629277053413,77.25379026789929,Vandalism,Medium,True,INC_001068,District_10,Delhi
2024-06-26 00:28:12.551590,28.654395584129563,77.17656683358618,Burglary,Low,False,INC_001069,District_2,Delhi
2024-08-29 11:28:12.551590,28.530552308205763,77.2569368658999,Burglary,Low,True,INC_001070,District_6,Delhi
2024-06-03 06:28:12.551590,28.542368697133018,77.23830955006268,Assault,High,False,INC_001071,District_2,Delhi
2024-03-23 10:28:12.551590,28.549292322770604,77.24490564186692,Theft,Low,True,INC_001072,District_2,Delhi
2025-01-27 20:28:12.551590,28.7283127647269,77.28623145136316,Theft,Low,True,INC_001073,District_10,Delhi
2024-10-18 12:28:12.551590,28.535549174230567,77.18272964301886,Assault,High,False,INC_001074,District_9,Delhi
2024-02-11 16:28:12.551590,28.661711150081413,77.18688517921849,Vehicle Crime,High,True,INC_001075,District_1,Delhi
2024-09-20 01:28:12.551590,28.666268077295616,77.16465456496134,Burglary,High,True,INC_001076,District_10,Delhi
2024-07-15 22:28:12.551590,28.52017717633481,77.24931328302957,Vandalism,Low,False,INC_001077,District_1,Delhi
2025-08-07 23:28:12.551590,28.572468421521048,77.08504417163739,Fraud,Low,True,INC_001078,District_6,Delhi
2023-12-22 14:28:12.551590,28.840743123840735,77.25352176846609,Theft,High,True,INC_001079,District_1,Delhi
2023-08-26 12:28:12.551590,28.515298243458766,77.05120032486289,Burglary,Low,True,INC_001080,District_3,Delhi
2024-10-08 10:28:12.551590,28.61979077801269,77.26077961468432,Burglary,Medium,True,INC_001081,District_11,Delhi
2024-04-10 06:28:12.551590,28.52467076427249,77.25661077399766,Theft,Medium,False,INC_001082,District_11,Delhi
2024-05-19 18:28:12.551590,28.531106165591854,77.24756340842372,Vandalism,Low,True,INC_001083,District_2,Delhi
2023-10-30 04:28:12.551590,28.539571941439508,77.24240967940489,Burglary,High,True,INC_001084,District_3,Delhi
2024-12-31 08:28:12.551590,28.533452504259305,77.25299694119406,Fraud,Medium,True,INC_001085,District_6,Delhi
2024-05-20 01:28:12.551590,28.658937196895742,77.08388208583905,Vandalism,High,False,INC_001086,District_3,Delhi
2025-08-15 04:28:12.551590,28.532153090961977,77.27036657677108,Vehicle Crime,High,True,INC_001087,District_5,Delhi
2024-03-06 09:28:12.551590,28.539811786432885,77.26047299106683,Vehicle Crime,Low,True,INC_001088,District_3,Delhi
2024-01-13 05:28:12.551590,28.66822288347583,77.1616193809495,Theft,Medium,True,INC_001089,District_7,Delhi
2024-05-06 19:28:12.551590,28.6895191709885,77.41376878254843,Vandalism,High,False,INC_001090,District_8,Delhi
2025-06-03 20:28:12.551590,28.519842757962273,77.24619078202134,Vehicle Crime,Medium,False,INC_001091,District_4,Delhi
2024-08-25 10:28:12.551590,28.61844245884261,77.26087014837798,Theft,Medium,False,INC_001092,District_9,Delhi
2024-07-02 07:28:12.551590,28.656497456585388,77.17221350553449,Assault,Low,True,INC_001093,District_1,Delhi
2024-12-26 15:28:12.551590,28.643767596446587,77.25645069613297,Burglary,Medium,True,INC_001094,District_2,Delhi
2023-10-27 02:28:12.551590,28.530976614003656,77.23812163032692,Theft,Medium,True,INC_001095,District_10,Delhi
2023-11-13 20:28:12.551590,28.65625697860987,77.18012329367893,Burglary,Low,False,INC_001096,District_11,Delhi
2025-05-02 01:28:12.551590,28.638401753928,77.31698587131677,Burglary,Low,True,INC_001097,District_1,Delhi
2025-01-14 15:28:12.551590,28.95270922597483,77.10731965963612,Fraud,Low,True,INC_001098,District_9,Delhi
2024-02-29 18:28:12.551590,28.66850191538331,77.16927038535128,Theft,Low,True,INC_001099,District_6,Delhi
2023-11-22 12:28:12.551590,28.63813843499155,77.26430980116582,Fraud,Medium,True,INC_001100,District_5,Delhi
2024-02-27 16:28:12.551590,28.531411198225985,77.240356073704,Vehicle Crime,Low,True,INC_001101,District_7,Delhi
2024-09-16 23:28:12.551590,28.53133563713722,77.25656301917023,Vehicle Crime,Low,True,INC_001102,District_6,Delhi
2025-07-07 07:28:12.551590,28.662698149954455,77.17933281690898,Burglary,High,False,INC_001103,District_6,Delhi
2025-01-03 10:28:12.551590,28.671884116270178,77.18044199564476,Assault,High,True,INC_001104,District_2,Delhi
2025-02-27 18:28:12.551590,28.653020715469516,77.17909260992629,Burglary,Medium,True,INC_001105,District_7,Delhi
2024-10-04 18:28:12.551590,28.69006711661855,77.20108100713074,Vandalism,Medium,False,INC_001106,District_6,Delhi
2024-12-30 23:28:12.551590,28.56746313602471,77.02316494852383,Assault,Medium,True,INC_001107,District_8,Delhi
2024-11-27 19:28:12.551590,28.627752267488624,77.27862499559855,Burglary,Low,False,INC_001108,District_2,Delhi
2025-06-27 23:28:12.551590,28.660610173262885,77.19465827137427,Theft,Low,True,INC_001109,District_2,Delhi
2025-08-24 15:28:12.551590,28.65599637324031,77.17543666615173,Vehicle Crime,High,True,INC_001110,District_3,Delhi
2024-03-25 06:28:12.551590,28.664072314190346,77.17255618775594,Vehicle Crime,High,False,INC_001111,District_8,Delhi
2025-01-27 08:28:12.551590,28.62697778009368,77.30389088674328,Vehicle Crime,High,False,INC_001112,District_3,Delhi
2024-11-14 10:28:12.551590,28.62328558256418,77.27436505523723,Fraud,Medium,False,INC_001113,District_1,Delhi
2023-09-07 04:28:12.551590,28.672288097206092,77.17544290133957,Theft,High,False,INC_001114,District_8,Delhi
2024-12-17 08:28:12.551590,28.618640478485165,76.93588633930497,Assault,High,True,INC_001115,District_3,Delhi
2023-10-20 07:28:12.551590,28.582535110933623,77.22210112546934,Assault,High,True,INC_001116,District_8,Delhi
2025-05-05 12:28:12.551590,28.548926445191523,77.25007973690325,Vehicle Crime,Medium,True,INC_001117,District_10,Delhi
2024-02-17 05:28:12.551590,28.514563874600274,77.3628116525414,Vehicle Crime,High,False,INC_001118,District_10,Delhi
2023-10-01 19:28:12.551590,28.672653945839944,77.18509555902014,Vandalism,High,True,INC_001119,District_6,Delhi
2025-01-21 15:28:12.551590,28.518411438650514,77.59090088006423,Assault,High,True,INC_001120,District_6,Delhi
2024-06-02 04:28:12.551590,28.54900318061077,77.2460637991235,Fraud,Low,True,INC_001121,District_9,Delhi
2023-11-07 23:28:12.551590,28.67885519027818,77.18039007138117,Burglary,Low,True,INC_001122,District_5,Delhi
2025-04-19 13:28:12.551590,28.535536330689233,77.25445962505678,Vehicle Crime,High,True,INC_001123,District_11,Delhi
2024-12-31 20:28:12.551590,28.62921548887135,77.28327066900681,Vehicle Crime,Medium,False,INC_001124,District_4,Delhi
2024-01-09 08:28:12.551590,28.600621554317023,77.05974404669165,Burglary,Low,True,INC_001125,District_9,Delhi
2023-10-01 03:28:12.551590,28.66105379080161,77.17623031174344,Vehicle Crime,High,True,INC_001126,District_5,Delhi
2024-12-09 22:28:12.551590,28.65576048873254,77.18583265376841,Vandalism,Low,True,INC_001127,District_5,Delhi
2023-11-18 10:28:12.551590,28.414019994295327,77.13733621336678,Theft,High,True,INC_001128,District_2,Delhi
2025-06-12 15:28:12.551590,28.648907773332475,77.28012631012238,Assault,Low,True,INC_001129,District_2,Delhi
2025-07-06 03:28:12.551590,28.643169981709704,77.2795165848719,Vehicle Crime,Medium,True,INC_001130,District_2,Delhi
2024-01-07 03:28:12.551590,28.671157018623468,77.15838290197605,Vehicle Crime,High,False,INC_001131,District_9,Delhi
2024-01-11 21:28:12.551590,28.642653972363995,77.2727868353214,Burglary,Low,False,INC_001132,District_5,Delhi
2024-10-09 07:28:12.551590,28.63967885666549,77.26876244875862,Fraud,High,True,INC_001133,District_5,Delhi
2024-01-18 22:28:12.551590,28.619101696444062,77.34437248610945,Theft,High,False,INC_001134,District_6,Delhi
2024-07-09 02:28:12.551590,28.62420325621586,77.26486612983469,Assault,Medium,True,INC_001135,District_1,Delhi
2025-04-24 19:28:12.551590,28.665731902636118,77.28990883267002,Burglary,Low,False,INC_001136,District_6,Delhi
2024-02-07 01:28:12.551590,28.534927703622884,77.24348888167212,Burglary,Medium,True,INC_001137,District_9,Delhi
2025-02-02 04:28:12.551590,28.661518380599496,77.18632997127985,Vandalism,High,False,INC_001138,District_2,Delhi
2024-12-19 12:28:12.551590,28.715999618158776,77.2703013285932,Assault,Medium,True,INC_001139,District_5,Delhi
2024-05-21 22:28:12.551590,28.63354035833554,77.14366825180451,Fraud,Medium,True,INC_001140,District_2,Delhi
2025-04-12 06:28:12.551590,28.705426643785334,77.21676058772817,Burglary,Low,True,INC_001141,District_11,Delhi
2023-10-15 19:28:12.551590,28.65705636158301,77.1804862143189,Burglary,Medium,True,INC_001142,District_8,Delhi
2023-09-28 15:28:12.551590,28.678116554828982,77.19476252083919,Fraud,Medium,True,INC_001143,District_6,Delhi
2023-11-22 22:28:12.551590,28.71141890445221,77.4030309147413,Vandalism,High,True,INC_001144,District_11,Delhi
2024-07-19 11:28:12.551590,28.68161112129929,77.17836744728507,Vandalism,Medium,True,INC_001145,District_10,Delhi
2025-07-20 05:28:12.551590,28.913806658201683,77.29755162738186,Burglary,Medium,True,INC_001146,District_1,Delhi
2024-01-29 12:28:12.551590,28.68766948185585,77.1980124843826,Theft,Low,True,INC_001147,District_6,Delhi
2024-10-14 05:28:12.551590,28.66978981510813,77.09126786233519,Assault,High,True,INC_001148,District_5,Delhi
2024-09-27 04:28:12.551590,28.738897750918326,77.23531732711858,Vandalism,Low,True,INC_001149,District_3,Delhi
2025-08-05 02:28:12.551590,28.531767550411484,77.25429477278932,Theft,Medium,True,INC_001150,District_4,Delhi
2025-07-25 22:28:12.551590,28.528526594717068,77.247074536084,Burglary,Low,True,INC_001151,District_5,Delhi
2024-10-02 02:28:12.551590,28.72692870667387,77.18376052429404,Theft,Low,True,INC_001152,District_5,Delhi
2025-01-18 19:28:12.551590,28.639560070681476,77.3915182833455,Theft,High,True,INC_001153,District_4,Delhi
2024-12-11 12:28:12.551590,28.616389276703764,77.25786054405718,Burglary,Low,False,INC_001154,District_11,Delhi
2024-06-02 10:28:12.551590,28.656213166539473,77.18110427161947,Assault,High,True,INC_001155,District_1,Delhi
2025-02-05 07:28:12.551590,28.707746103534273,77.24577514046294,Burglary,Medium,True,INC_001156,District_5,Delhi
2024-11-19 17:28:12.551590,28.54518441050614,77.26459976005657,Burglary,Medium,True,INC_001157,District_9,Delhi
2024-07-10 12:28:12.551590,28.714087610999126,77.48491560599622,Assault,Low,False,INC_001158,District_10,Delhi
2024-11-16 17:28:12.551590,28.631626614492266,77.26174184753663,Theft,Medium,True,INC_001159,District_7,Delhi
2025-05-01 05:28:12.551590,28.54144176018986,77.22713069251773,Assault,Low,False,INC_001160,District_2,Delhi
2024-08-07 11:28:12.551590,28.695465281555435,77.14808316910994,Fraud,Medium,True,INC_001161,District_9,Delhi
2023-10-06 01:28:12.551590,28.65312178818562,77.18856345538633,Theft,High,False,INC_001162,District_3,Delhi
2024-05-13 01:28:12.551590,28.627181713810717,77.26316572161907,Fraud,Medium,False,INC_001163,District_2,Delhi
2025-07-31 16:28:12.551590,28.626708061821038,77.26726924272562,Assault,High,False,INC_001164,District_9,Delhi
2024-12-15 00:28:12.551590,28.666135681929116,77.19191499195901,Vandalism,High,True,INC_001165,District_4,Delhi
2024-03-09 19:28:12.551590,28.633801859482972,77.27064990659629,Fraud,High,False,INC_001166,District_9,Delhi
2025-07-11 23:28:12.551590,28.66268073134724,77.17608546898748,Vehicle Crime,Medium,False,INC_001167,District_10,Delhi
2024-01-22 12:28:12.551590,28.63531531164477,77.2675406548291,Vandalism,Medium,True,INC_001168,District_1,Delhi
2024-03-28 16:28:12.551590,28.759256750492344,77.17795438147735,Fraud,High,False,INC_001169,District_4,Delhi
2025-03-25 03:28:12.551590,28.68658524447476,77.18991370649053,Assault,Medium,True,INC_001170,District_10,Delhi
2025-01-20 13:28:12.551590,28.670926483353387,77.18371736730981,Burglary,Medium,True,INC_001171,District_10,Delhi
2025-01-09 12:28:12.551590,28.358942352446952,77.02469606576582,Theft,High,False,INC_001172,District_9,Delhi
2024-05-25 18:28:12.551590,28.678301616991455,77.18767121107544,Fraud,Low,False,INC_001173,District_8,Delhi
2024-09-17 04:28:12.551590,28.53008442825893,77.26733648577589,Vehicle Crime,Low,True,INC_001174,District_3,Delhi
2024-02-04 18:28:12.551590,28.53484924690245,77.24988855068686,Theft,Medium,True,INC_001175,District_9,Delhi
2024-08-21 21:28:12.551590,28.56043994499358,77.15450473511713,Vandalism,Medium,True,INC_001176,District_4,Delhi
2024-11-30 15:28:12.551590,28.677002690558528,77.08595105677637,Burglary,High,False,INC_001177,District_10,Delhi
2024-03-07 13:28:12.551590,28.62563194631564,77.17069745361965,Burglary,Medium,True,INC_001178,District_6,Delhi
2025-06-29 14:28:12.551590,28.675684644001358,77.25448838669041,Fraud,Medium,True,INC_001179,District_2,Delhi
2025-01-23 00:28:12.551590,28.516246949286643,77.26221889945379,Theft,High,False,INC_001180,District_2,Delhi
2025-03-11 19:28:12.551590,28.643635417074652,77.2729826867895,Vehicle Crime,Medium,False,INC_001181,District_8,Delhi
2024-07-10 02:28:12.551590,28.644168977255127,77.26910454799608,Theft,High,True,INC_001182,District_9,Delhi
2024-12-04 18:28:12.551590,28.53506053220762,77.2868753487839,Vandalism,Medium,True,INC_001183,District_8,Delhi
2024-05-16 19:28:12.551590,28.593981534971487,77.19849101495193,Burglary,Low,False,INC_001184,District_2,Delhi
2024-11-30 05:28:12.551590,28.657476206103688,77.16879639474425,Assault,High,False,INC_001185,District_7,Delhi
2023-11-22 05:28:12.551590,28.654570221400693,77.17653218628315,Vandalism,High,False,INC_001186,District_10,Delhi
2024-11-06 00:28:12.551590,28.594836911365494,76.99506392359379,Burglary,High,True,INC_001187,District_6,Delhi
2024-09-14 01:28:12.551590,28.64278499320689,77.27996506035537,Burglary,Low,True,INC_001188,District_6,Delhi
2024-08-14 11:28:12.551590,28.438584713105186,77.27615344087803,Assault,Low,True,INC_001189,District_10,Delhi
2024-04-20 21:28:12.551590,28.45729480452152,77.17238068811683,Theft,High,True,INC_001190,District_9,Delhi
2024-10-10 17:28:12.551590,28.54946113803986,77.23887902629967,Theft,Low,True,INC_001191,District_3,Delhi
2025-02-08 05:28:12.551590,28.737217333550948,77.22911968658956,Fraud,High,False,INC_001192,District_11,Delhi
2024-01-26 20:28:12.551590,28.667292860154827,77.33710037261642,Vandalism,Medium,True,INC_001193,District_6,Delhi
2025-04-24 07:28:12.551590,28.58639193335937,77.28675781716841,Assault,High,True,INC_001194,District_8,Delhi
2024-03-23 10:28:12.551590,28.501570505356508,77.34637301159617,Burglary,Low,True,INC_001195,District_6,Delhi
2024-08-24 07:28:12.551590,28.648259470000443,77.09791288587157,Assault,Medium,True,INC_001196,District_10,Delhi
2024-09-01 17:28:12.551590,28.60489154532062,77.18782577272783,Burglary,Medium,True,INC_001197,District_2,Delhi
2025-05-15 19:28:12.551590,28.773894226012207,77.20082534037414,Theft,High,False,INC_001198,District_10,Delhi
2025-06-22 02:28:12.551590,28.528121528548283,77.2321330206738,Fraud,Low,True,INC_001199,District_7,Delhi
2025-05-02 23:28:12.551590,28.54419866625618,77.25578267918938,Fraud,Low,False,INC_001200,District_11,Delhi
2024-06-04 12:28:12.551590,28.51899898836705,77.24555478121545,Vandalism,Medium,True,INC_001201,District_8,Delhi
2025-01-31 18:28:12.551590,28.615837638123264,77.27207121286116,Vehicle Crime,Medium,True,INC_001202,District_9,Delhi
2025-03-23 09:28:12.551590,28.672875358569257,77.2416378658456,Theft,High,True,INC_001203,District_4,Delhi
2023-12-02 11:28:12.551590,28.537366515857652,77.24877941597377,Burglary,Medium,True,INC_001204,District_4,Delhi
2024-10-19 23:28:12.551590,28.565107169494762,77.51239750031463,Fraud,Medium,True,INC_001205,District_10,Delhi
2023-10-30 14:28:12.551590,28.59121943457942,77.25527952872822,Burglary,Low,True,INC_001206,District_5,Delhi
2024-12-25 21:28:12.551590,28.590614767748505,76.91982305331271,Burglary,Low,False,INC_001207,District_10,Delhi
2023-12-04 17:28:12.551590,28.524654897893445,77.36407949385828,Vandalism,Medium,False,INC_001208,District_9,Delhi
2024-11-04 23:28:12.551590,28.63019420058256,77.2727097076233,Theft,Medium,False,INC_001209,District_10,Delhi
2025-07-06 23:28:12.551590,28.616179998873054,77.25651474954128,Vehicle Crime,High,False,INC_001210,District_4,Delhi
2025-08-21 23:28:12.551590,28.53132160816695,77.2409936250026,Vandalism,High,True,INC_001211,District_8,Delhi
2024-02-06 15:28:12.551590,28.642198832399355,77.17137767718653,Vandalism,High,True,INC_001212,District_2,Delhi
2024-10-13 05:28:12.551590,28.530519316530665,77.23287046164087,Vandalism,Medium,True,INC_001213,District_5,Delhi
2025-03-22 17:28:12.551590,28.56436320752594,77.10223323858258,Vandalism,High,True,INC_001214,District_9,Delhi
2023-10-24 09:28:12.551590,28.55650331041968,77.28143650254978,Vandalism,Medium,True,INC_001215,District_6,Delhi
2024-05-21 23:28:12.551590,28.674404014123564,77.16568010973495,Theft,High,True,INC_001216,District_4,Delhi
2024-10-14 23:28:12.551590,28.616731572305998,77.27934593182499,Burglary,Low,True,INC_001217,District_1,Delhi
2025-05-01 18:28:12.551590,28.626194608690145,77.27975777927661,Fraud,Medium,True,INC_001218,District_11,Delhi
2024-11-16 16:28:12.551590,28.544348557949714,77.24220051713694,Fraud,Medium,False,INC_001219,District_10,Delhi
2024-02-07 20:28:12.551590,28.65233532789148,77.18906196373923,Vehicle Crime,High,True,INC_001220,District_11,Delhi
2023-10-07 20:28:12.551590,28.628410237722473,77.2687277696004,Vehicle Crime,Low,True,INC_001221,District_3,Delhi
2024-01-22 13:28:12.551590,28.54342565325231,77.24307559691961,Vehicle Crime,High,False,INC_001222,District_9,Delhi
2024-09-05 09:28:12.551590,28.74904781600049,77.13907383451048,Burglary,Medium,True,INC_001223,District_5,Delhi
2025-02-15 09:28:12.551590,28.800532370811187,77.49761259661555,Vandalism,Low,True,INC_001224,District_4,Delhi
2024-12-12 12:28:12.551590,28.676490164413575,77.18077381818178,Burglary,Medium,True,INC_001225,District_4,Delhi
2025-01-11 22:28:12.551590,28.616799374227245,77.25455343947341,Theft,Low,True,INC_001226,District_8,Delhi
2025-06-18 02:28:12.551590,28.647538575738903,77.16581894858429,Vandalism,Low,False,INC_001227,District_11,Delhi
2025-02-13 00:28:12.551590,28.644853982191716,77.29326440190933,Assault,Medium,True,INC_001228,District_10,Delhi
2025-08-17 15:28:12.551590,28.671372358468158,77.18886203402306,Assault,High,True,INC_001229,District_7,Delhi
2025-03-08 15:28:12.551590,28.58573541181765,77.36710774767786,Vehicle Crime,Medium,True,INC_001230,District_9,Delhi
2025-05-12 20:28:12.551590,28.533461084568696,77.2393895146431,Vandalism,Medium,True,INC_001231,District_9,Delhi
2024-10-27 11:28:12.551590,28.6352590744721,77.26061493464574,Fraud,Low,True,INC_001232,District_11,Delhi
2024-01-22 22:28:12.551590,28.554786763541077,77.25099280601074,Fraud,High,True,INC_001233,District_3,Delhi
2025-06-17 03:28:12.551590,28.628849455705424,77.26108013511863,Vehicle Crime,High,True,INC_001234,District_11,Delhi
2025-02-06 07:28:12.551590,28.643501182077824,77.2604794030376,Vehicle Crime,Medium,True,INC_001235,District_4,Delhi
2024-05-04 19:28:12.551590,28.520900190027955,77.27274097942585,Theft,High,True,INC_001236,District_7,Delhi
2025-07-05 23:28:12.551590,28.613726092383402,77.24611323137593,Theft,High,True,INC_001237,District_9,Delhi
2025-01-18 12:28:12.551590,28.545195643763925,77.2591767186656,Burglary,Medium,True,INC_001238,District_7,Delhi
2024-12-15 14:28:12.551590,28.517412606187712,77.2548596562389,Burglary,High,True,INC_001239,District_4,Delhi
2024-02-12 09:28:12.551590,28.53285520961011,77.24700907847007,Assault,Medium,True,INC_001240,District_1,Delhi
2024-03-08 06:28:12.551590,28.526081664826492,77.25347909542823,Vandalism,Low,True,INC_001241,District_1,Delhi
2025-06-16 08:28:12.551590,28.77094501448855,77.32671343399788,Assault,Medium,True,INC_001242,District_6,Delhi
2024-05-19 23:28:12.551590,28.633568900837318,77.267384582472,Vandalism,Medium,True,INC_001243,District_1,Delhi
2025-03-09 15:28:12.551590,28.79849215084259,77.23316872931493,Fraud,High,True,INC_001244,District_9,Delhi
2023-11-25 21:28:12.551590,28.601882319697072,77.20115659137619,Vehicle Crime,High,True,INC_001245,District_11,Delhi
2024-02-05 11:28:12.551590,28.538783051481435,77.2558887294645,Burglary,Medium,False,INC_001246,District_4,Delhi
2024-09-25 21:28:12.551590,28.66910087457797,77.17105047444049,Vandalism,Low,True,INC_001247,District_9,Delhi
2023-10-17 07:28:12.551590,28.673394861197973,77.19251750613606,Vehicle Crime,Low,True,INC_001248,District_2,Delhi
2025-08-11 14:28:12.551590,28.651521079016167,77.28077501417553,Vandalism,Low,True,INC_001249,District_4,Delhi
2024-07-13 02:28:12.551590,28.52630450319557,77.24893014983459,Fraud,Medium,True,INC_001250,District_4,Delhi
2024-10-20 20:28:12.551590,28.341656758712368,77.08393016537028,Fraud,Low,True,INC_001251,District_7,Delhi
2023-09-20 12:28:12.551590,28.544726450672393,77.2539447569731,Vandalism,Medium,True,INC_001252,District_7,Delhi
2023-10-25 01:28:12.551590,28.53552991162057,77.25464956499623,Vehicle Crime,Medium,False,INC_001253,District_4,Delhi
2023-11-07 18:28:12.551590,28.755634128863864,77.03604433305706,Fraud,High,False,INC_001254,District_5,Delhi
2024-12-27 23:28:12.551590,28.663371275134406,77.16842436735439,Vehicle Crime,Low,True,INC_001255,District_1,Delhi
2025-05-23 21:28:12.551590,28.72338738051292,77.03355498017666,Burglary,High,True,INC_001256,District_2,Delhi
2024-04-08 16:28:12.551590,28.42139895900958,76.96456159179523,Vehicle Crime,High,True,INC_001257,District_10,Delhi
2025-06-22 04:28:12.551590,28.77396674246766,77.27974843151574,Assault,Medium,False,INC_001258,District_2,Delhi
2024-12-14 14:28:12.551590,28.540543705137967,77.25782265024121,Vehicle Crime,Low,False,INC_001259,District_8,Delhi
2025-08-04 11:28:12.551590,28.54432058101031,77.23866087795402,Vehicle Crime,Low,True,INC_001260,District_1,Delhi
2024-11-10 02:28:12.551590,28.634210455189844,77.28015273796773,Assault,High,True,INC_001261,District_11,Delhi
2024-07-06 20:28:12.551590,28.643643207435034,77.18731067423904,Vandalism,High,True,INC_001262,District_3,Delhi
2025-03-16 18:28:12.551590,28.54953719355274,77.26753187024525,Theft,Low,True,INC_001263,District_2,Delhi
2024-11-13 07:28:12.551590,28.74538679104342,77.26383824142792,Vandalism,Low,True,INC_001264,District_6,Delhi
2023-11-14 14:28:12.551590,28.659291083908723,77.17297370219472,Assault,High,True,INC_001265,District_1,Delhi
2023-09-30 18:28:12.551590,28.531222143851554,77.24419309058261,Vehicle Crime,Medium,True,INC_001266,District_3,Delhi
2024-07-12 00:28:12.551590,28.715512929936306,77.29918693405325,Assault,High,True,INC_001267,District_11,Delhi
2025-01-23 12:28:12.551590,28.542994918807278,77.24116891124262,Assault,Low,False,INC_001268,District_8,Delhi
2025-01-20 15:28:12.551590,28.531276520046706,77.24165087465633,Vandalism,High,False,INC_001269,District_6,Delhi
2024-10-30 20:28:12.551590,28.640843982420368,77.27387136982206,Theft,Medium,True,INC_001270,District_5,Delhi
2024-05-01 14:28:12.551590,28.646607972046283,77.2507652411782,Burglary,Medium,True,INC_001271,District_9,Delhi
2025-06-16 06:28:12.551590,28.903725031991176,77.25368861607718,Theft,Medium,True,INC_001272,District_11,Delhi
2025-06-30 12:28:12.551590,28.4900895251225,77.11347524959152,Vandalism,Medium,False,INC_001273,District_4,Delhi
2024-07-28 23:28:12.551590,28.531963078547157,77.24437025607098,Vehicle Crime,High,True,INC_001274,District_10,Delhi
2024-03-21 11:28:12.551590,28.62861754553491,77.26426270831072,Burglary,High,True,INC_001275,District_3,Delhi
2024-09-09 00:28:12.551590,28.66666040062886,77.1825841552779,Burglary,High,True,INC_001276,District_10,Delhi
2023-09-10 11:28:12.551590,28.583915469196633,77.15279051572178,Fraud,Medium,True,INC_001277,District_1,Delhi
2023-10-12 11:28:12.551590,28.63674401389288,77.2766249199372,Assault,Medium,False,INC_001278,District_2,Delhi
2024-12-05 08:28:12.551590,28.65796689061493,77.25136413768061,Vandalism,High,True,INC_001279,District_9,Delhi
2025-08-17 20:28:12.551590,28.61918887425574,77.27195469864094,Burglary,High,False,INC_001280,District_1,Delhi
2025-06-05 03:28:12.551590,28.619232894200284,77.27525295248047,Assault,Medium,True,INC_001281,District_1,Delhi
2023-12-07 01:28:12.551590,28.42986737715871,77.29142288474232,Theft,High,True,INC_001282,District_6,Delhi
2024-07-17 17:28:12.551590,28.668265455480284,77.20574743297207,Fraud,Medium,False,INC_001283,District_5,Delhi
2025-04-20 18:28:12.551590,28.35303122574325,77.24525904234197,Theft,Low,True,INC_001284,District_10,Delhi
2024-11-17 15:28:12.551590,28.669560080868678,77.16461006773274,Fraud,Low,True,INC_001285,District_4,Delhi
2025-07-06 21:28:12.551590,28.568096535473952,77.11433621588013,Fraud,Medium,True,INC_001286,District_10,Delhi
2025-02-22 17:28:12.551590,28.63868202805293,77.26428571791544,Vandalism,Medium,True,INC_001287,District_7,Delhi
2025-01-09 12:28:12.551590,28.52314833511873,77.23466477810436,Theft,Medium,False,INC_001288,District_4,Delhi
2025-08-03 11:28:12.551590,28.635032805856127,77.25612024883775,Theft,Medium,False,INC_001289,District_11,Delhi
2025-08-03 17:28:12.551590,28.482142913859352,77.29028893818727,Theft,High,False,INC_001290,District_3,Delhi
2024-01-15 07:28:12.551590,28.632501589213916,77.26207320033171,Vehicle Crime,Low,False,INC_001291,District_4,Delhi
2025-01-09 10:28:12.551590,28.63096461476917,77.26539590773926,Burglary,Medium,False,INC_001292,District_2,Delhi
2024-06-20 18:28:12.551590,28.576766105986493,77.15399792376896,Theft,Medium,True,INC_001293,District_3,Delhi
2023-09-21 21:28:12.551590,28.655517473334175,77.18450258610474,Theft,High,False,INC_001294,District_11,Delhi
2024-11-08 05:28:12.551590,28.61887154435902,77.09186448777542,Vehicle Crime,High,True,INC_001295,District_11,Delhi
2025-07-06 14:28:12.551590,28.64538544303798,76.94928568022472,Vandalism,Low,False,INC_001296,District_11,Delhi
2025-04-17 05:28:12.551590,28.616298450192136,77.26307855061854,Vandalism,Low,False,INC_001297,District_11,Delhi
2025-08-21 21:28:12.551590,28.51199589410394,77.22073800516088,Vandalism,Medium,True,INC_001298,District_10,Delhi
2025-01-12 22:28:12.551590,28.435456473348577,77.41585031124721,Fraud,Low,False,INC_001299,District_1,Delhi
2024-09-27 15:28:12.551590,28.503936581288425,77.31735128567688,Assault,Medium,True,INC_001300,District_2,Delhi
2024-06-25 12:28:12.551590,28.71748445445074,77.12648740595264,Assault,Medium,True,INC_001301,District_11,Delhi
2025-04-05 21:28:12.551590,28.629487924019394,77.2759907103552,Vandalism,Medium,True,INC_001302,District_6,Delhi
2023-12-16 05:28:12.551590,28.816192776106547,77.0777916021582,Theft,Low,True,INC_001303,District_6,Delhi
2025-06-14 05:28:12.551590,28.679088247059543,77.18537163684834,Vandalism,Medium,True,INC_001304,District_5,Delhi
2023-10-02 05:28:12.551590,28.513990156812337,77.28989225445001,Theft,Medium,True,INC_001305,District_11,Delhi
2025-05-28 22:28:12.551590,28.648887001822693,77.27647195003712,Fraud,High,True,INC_001306,District_7,Delhi
2024-04-28 04:28:12.551590,28.656227102619102,77.17007062151534,Vehicle Crime,High,True,INC_001307,District_10,Delhi
2024-05-06 14:28:12.551590,28.503604569688772,77.09235772883456,Burglary,Low,True,INC_001308,District_5,Delhi
2025-06-14 20:28:12.551590,28.692606602086602,77.3065037760537,Vehicle Crime,Low,True,INC_001309,District_1,Delhi
2025-08-07 00:28:12.551590,28.830733499043944,77.31883097771053,Vandalism,Low,True,INC_001310,District_8,Delhi
2024-01-26 21:28:12.551590,28.547024171015472,77.25281417504475,Burglary,Medium,True,INC_001311,District_2,Delhi
2025-05-22 17:28:12.551590,28.657032351454955,77.17647699998017,Assault,Medium,True,INC_001312,District_10,Delhi
2025-07-22 12:28:12.551590,28.614724312885862,77.24418149515547,Theft,Low,True,INC_001313,District_4,Delhi
2023-08-27 07:28:12.551590,28.661269219039006,77.17466350172029,Vandalism,Medium,True,INC_001314,District_9,Delhi
2024-11-15 10:28:12.551590,28.5358586514431,77.23257753236997,Vehicle Crime,Low,True,INC_001315,District_1,Delhi
2024-04-04 00:28:12.551590,28.52227542113468,77.23459605968577,Fraud,Medium,True,INC_001316,District_2,Delhi
2025-05-04 09:28:12.551590,28.656958039189668,77.26497610032307,Fraud,Medium,False,INC_001317,District_4,Delhi
2024-05-30 13:28:12.551590,28.63202940156095,77.2546048218725,Vandalism,Medium,True,INC_001318,District_10,Delhi
2024-04-09 05:28:12.551590,28.72015766179266,77.16189077685664,Fraud,High,True,INC_001319,District_1,Delhi
2024-06-16 18:28:12.551590,28.616154342657797,77.2622917780553,Vandalism,Medium,False,INC_001320,District_8,Delhi
2025-07-10 16:28:12.551590,28.5327501477416,77.3443214400191,Theft,High,True,INC_001321,District_4,Delhi
2024-03-03 07:28:12.551590,28.419716836707305,77.19652748861476,Vehicle Crime,High,True,INC_001322,District_10,Delhi
2024-01-10 04:28:12.551590,28.72245699192009,77.26152461108597,Vehicle Crime,High,True,INC_001323,District_8,Delhi
2023-09-13 18:28:12.551590,28.65959736779939,77.16087282257575,Theft,Low,True,INC_001324,District_7,Delhi
2025-04-05 17:28:12.551590,28.662890199106695,77.18843480330324,Fraud,High,True,INC_001325,District_3,Delhi
2024-10-10 11:28:12.551590,28.6121364566915,77.08898878787475,Fraud,High,False,INC_001326,District_5,Delhi
2024-06-10 10:28:12.551590,28.51990230243125,77.25259096590493,Theft,Low,True,INC_001327,District_4,Delhi
2024-03-19 23:28:12.551590,28.654794367159727,77.25853258353558,Fraud,Low,False,INC_001328,District_8,Delhi
2024-11-14 00:28:12.551590,28.64301279140614,77.33702919802472,Burglary,Medium,True,INC_001329,District_5,Delhi
2024-04-24 10:28:12.551590,28.53914230723963,77.24325377626296,Assault,High,True,INC_001330,District_7,Delhi
2024-04-11 17:28:12.551590,28.63207179720614,77.26165634695924,Assault,High,False,INC_001331,District_9,Delhi
2025-02-16 21:28:12.551590,28.65773279133875,77.16193827694843,Assault,Medium,True,INC_001332,District_7,Delhi
2024-03-22 04:28:12.551590,28.5453201544283,77.26084882159482,Fraud,Medium,True,INC_001333,District_2,Delhi
2025-04-03 19:28:12.551590,28.63721234231047,77.03419695544126,Vandalism,High,False,INC_001334,District_11,Delhi
2024-11-20 08:28:12.551590,28.660254885607348,77.16961572135244,Theft,Medium,True,INC_001335,District_9,Delhi
2023-09-09 08:28:12.551590,28.817305835937137,77.10940571621435,Vandalism,Medium,False,INC_001336,District_9,Delhi
2025-01-14 11:28:12.551590,28.535491163064236,77.23971612108527,Burglary,Medium,False,INC_001337,District_1,Delhi
2024-07-15 22:28:12.551590,28.672929999205312,77.18634101295723,Theft,Low,True,INC_001338,District_9,Delhi
2024-01-30 16:28:12.551590,28.64709702899814,77.10312755971454,Fraud,Low,True,INC_001339,District_8,Delhi
2024-11-05 15:28:12.551590,28.76988652111646,77.07838072984724,Fraud,Medium,True,INC_001340,District_11,Delhi
2025-07-10 15:28:12.551590,28.504425248114966,77.23377220909363,Burglary,Low,True,INC_001341,District_5,Delhi
2023-12-18 09:28:12.551590,28.63631975337073,77.28498236307325,Assault,Low,True,INC_001342,District_11,Delhi
2024-01-03 15:28:12.551590,28.6789643817569,77.00272839114487,Assault,Medium,True,INC_001343,District_11,Delhi
2024-11-29 13:28:12.551590,28.46372944731514,76.94634913972284,Vehicle Crime,High,False,INC_001344,District_2,Delhi
2024-01-21 18:28:12.551590,28.586305480843254,77.30340259303823,Vehicle Crime,High,True,INC_001345,District_3,Delhi
2025-05-15 00:28:12.551590,28.533409865469068,77.16168059954063,Vandalism,Low,True,INC_001346,District_5,Delhi
2024-11-25 11:28:12.551590,28.523870495796185,77.25200935674879,Assault,High,True,INC_001347,District_2,Delhi
2025-03-18 12:28:12.551590,28.563770334918583,77.2040765966525,Fraud,Low,True,INC_001348,District_2,Delhi
2024-10-02 18:28:12.551590,28.625008277913658,77.27704872571795,Assault,High,True,INC_001349,District_7,Delhi
2024-12-17 23:28:12.551590,28.626851089624036,77.29096173111643,Fraud,Low,True,INC_001350,District_7,Delhi
2023-11-16 17:28:12.551590,28.664485965513816,77.16369096375986,Vehicle Crime,High,False,INC_001351,District_11,Delhi
2025-08-11 05:28:12.551590,28.52034800719459,77.25214021115727,Fraud,High,False,INC_001352,District_10,Delhi
2024-10-26 09:28:12.551590,28.637016141278334,77.12546489538362,Theft,Medium,False,INC_001353,District_3,Delhi
2025-06-26 22:28:12.551590,28.380819318821747,77.16756404286131,Burglary,Low,True,INC_001354,District_7,Delhi
2023-12-08 02:28:12.551590,28.697096292875656,77.17050476704702,Burglary,High,False,INC_001355,District_6,Delhi
2025-04-21 03:28:12.551590,28.73752943532714,77.3644771258383,Vandalism,Medium,False,INC_001356,District_11,Delhi
2023-12-17 13:28:12.551590,28.633793819497907,77.26929814850351,Vehicle Crime,Medium,True,INC_001357,District_4,Delhi
2024-04-24 16:28:12.551590,28.547668804894638,77.26918662643791,Fraud,Low,False,INC_001358,District_11,Delhi
2024-11-09 21:28:12.551590,28.536190178546526,77.2527799525057,Fraud,Medium,False,INC_001359,District_9,Delhi
2025-04-19 15:28:12.551590,28.478743631432447,77.16958104030793,Vandalism,Medium,False,INC_001360,District_4,Delhi
2024-09-25 09:28:12.551590,28.53698175751052,77.24797739731474,Fraud,Low,True,INC_001361,District_9,Delhi
2023-08-29 17:28:12.551590,28.67653503737407,77.17600355467357,Burglary,High,True,INC_001362,District_11,Delhi
2023-10-30 03:28:12.551590,28.65905256669732,77.19510571328642,Theft,Medium,True,INC_001363,District_8,Delhi
2024-02-20 05:28:12.551590,28.52845315208008,77.22017641324253,Assault,High,True,INC_001364,District_4,Delhi
2023-08-28 05:28:12.551590,28.754397041542504,77.33685668274391,Fraud,High,True,INC_001365,District_8,Delhi
2024-08-18 20:28:12.551590,28.703340254287657,77.18309128170546,Vehicle Crime,Low,False,INC_001366,District_7,Delhi
2023-10-02 01:28:12.551590,28.63194631705717,76.98377391408205,Vandalism,Low,False,INC_001367,District_2,Delhi
2024-03-22 08:28:12.551590,28.511607144787014,77.32532051062614,Theft,Low,True,INC_001368,District_4,Delhi
2025-02-05 20:28:12.551590,28.609910126881804,77.26618226871618,Vehicle Crime,High,True,INC_001369,District_3,Delhi
2024-11-10 18:28:12.551590,28.531625380810038,77.23125466824168,Vehicle Crime,Low,True,INC_001370,District_8,Delhi
2024-08-01 01:28:12.551590,28.704778236167005,77.1697795333467,Assault,High,True,INC_001371,District_10,Delhi
2024-09-15 20:28:12.551590,28.716461930770596,77.28767112207504,Fraud,Low,True,INC_001372,District_11,Delhi
2024-06-13 09:28:12.551590,28.746356888070668,77.19394778254507,Vehicle Crime,High,False,INC_001373,District_2,Delhi
2024-11-21 12:28:12.551590,28.67818403201343,77.18978160413747,Vehicle Crime,High,False,INC_001374,District_7,Delhi
2024-10-11 03:28:12.551590,28.626829344709467,77.25997525693151,Fraud,High,False,INC_001375,District_7,Delhi
2025-04-19 19:28:12.551590,28.64693172843759,77.18592013298758,Theft,Low,True,INC_001376,District_6,Delhi
2024-05-01 03:28:12.551590,28.63329251810149,77.25236562510678,Assault,High,True,INC_001377,District_11,Delhi
2024-04-16 09:28:12.551590,28.68601101826583,77.17925813070639,Fraud,High,True,INC_001378,District_7,Delhi
2023-11-22 01:28:12.551590,28.554341575295595,77.27688469425235,Vehicle Crime,High,False,INC_001379,District_2,Delhi
2024-03-27 17:28:12.551590,28.502501814757387,77.21805177435628,Vandalism,Medium,True,INC_001380,District_1,Delhi
2025-07-01 12:28:12.551590,28.658834505063098,77.17673864881456,Theft,Low,False,INC_001381,District_2,Delhi
2024-05-01 15:28:12.551590,28.651751574963352,76.83274068163016,Assault,High,True,INC_001382,District_10,Delhi
2025-01-20 06:28:12.551590,28.635638098324105,77.26313889796158,Burglary,Medium,True,INC_001383,District_7,Delhi
2024-10-20 21:28:12.551590,28.671088404224548,77.17323354116772,Burglary,High,True,INC_001384,District_8,Delhi
2024-06-02 19:28:12.551590,28.538261270698296,77.34302794098417,Burglary,Low,True,INC_001385,District_3,Delhi
2025-05-25 10:28:12.551590,28.546987503004523,77.25269709249548,Vandalism,High,True,INC_001386,District_8,Delhi
2024-11-18 05:28:12.551590,28.43170576857923,77.33720609559302,Vehicle Crime,High,False,INC_001387,District_2,Delhi
2024-10-25 01:28:12.551590,28.622082928600566,77.26453386502456,Fraud,Medium,False,INC_001388,District_3,Delhi
2025-04-10 04:28:12.551590,28.638936189832084,77.26826491023164,Theft,Medium,True,INC_001389,District_6,Delhi
2024-09-26 08:28:12.551590,28.665873743804433,77.17425127592942,Theft,Low,True,INC_001390,District_7,Delhi
2024-02-23 14:28:12.551590,28.563263624499964,77.33723640805812,Vandalism,High,True,INC_001391,District_8,Delhi
2025-08-24 05:28:12.551590,28.633581703969202,77.24711554440059,Assault,Low,True,INC_001392,District_10,Delhi
2024-01-24 08:28:12.551590,28.529178727106228,77.24694260518544,Assault,High,True,INC_001393,District_2,Delhi
2025-02-14 16:28:12.551590,28.46861724301069,77.13855375338545,Fraud,Low,True,INC_001394,District_8,Delhi
2024-11-05 10:28:12.551590,28.650643441448587,77.25217926215132,Vandalism,High,True,INC_001395,District_3,Delhi
2024-08-20 07:28:12.551590,28.642085004239455,77.27577985183206,Burglary,Low,True,INC_001396,District_3,Delhi
2024-07-26 12:28:12.551590,28.64354341569032,77.26236394878404,Assault,Medium,True,INC_001397,District_11,Delhi
2023-09-01 04:28:12.551590,28.378876685094724,77.2335632162744,Vehicle Crime,Medium,False,INC_001398,District_9,Delhi
2025-03-16 00:28:12.551590,28.66043916858681,77.16015474399647,Fraud,Medium,True,INC_001399,District_10,Delhi
2024-12-22 15:28:12.551590,28.648757093601684,77.2735863516192,Vehicle Crime,Medium,True,INC_001400,District_4,Delhi
2025-01-02 18:28:12.551590,28.6528212732428,77.27896390268299,Theft,High,True,INC_001401,District_11,Delhi
2024-02-29 18:28:12.551590,28.51750547094582,77.2410950853497,Fraud,Medium,False,INC_001402,District_2,Delhi
2025-04-07 02:28:12.551590,28.628124393522317,77.26688944760643,Burglary,Low,False,INC_001403,District_1,Delhi
2025-08-23 18:28:12.551590,28.565733974289408,77.17947041642716,Vehicle Crime,High,False,INC_001404,District_9,Delhi
2024-10-17 19:28:12.551590,28.500831632707726,77.11311228751428,Theft,Low,True,INC_001405,District_3,Delhi
2024-08-21 23:28:12.551590,28.687328370704865,77.220289816109,Fraud,Medium,True,INC_001406,District_1,Delhi
2025-03-09 05:28:12.551590,28.690065575855776,77.0848207083932,Vehicle Crime,High,True,INC_001407,District_10,Delhi
2024-05-17 09:28:12.551590,28.8405579474516,77.06243898795952,Vehicle Crime,Medium,False,INC_001408,District_11,Delhi
2024-09-13 01:28:12.551590,28.472175666702174,77.26254018466207,Theft,High,True,INC_001409,District_4,Delhi
2024-05-18 23:28:12.551590,28.59517337112124,77.33260211607363,Assault,Low,True,INC_001410,District_3,Delhi
2023-10-26 17:28:12.551590,28.617142484452987,77.06488769465507,Fraud,High,True,INC_001411,District_9,Delhi
2024-01-21 00:28:12.551590,28.537897493435892,77.2505070473032,Fraud,High,True,INC_001412,District_6,Delhi
2024-01-26 10:28:12.551590,28.5428068489197,77.24042161608924,Vandalism,High,True,INC_001413,District_9,Delhi
2023-12-22 07:28:12.551590,28.53262252405763,77.25552195895708,Burglary,Medium,True,INC_001414,District_7,Delhi
2024-12-19 04:28:12.551590,28.659894118127585,77.19182565963533,Vehicle Crime,Medium,False,INC_001415,District_7,Delhi
2024-06-19 21:28:12.551590,28.55420593058565,77.26629085958203,Vehicle Crime,Medium,True,INC_001416,District_2,Delhi
2025-05-18 04:28:12.551590,28.519438246811404,77.24090181732534,Vehicle Crime,High,True,INC_001417,District_7,Delhi
2023-11-11 02:28:12.551590,28.5234091464205,77.251656448147,Vehicle Crime,High,True,INC_001418,District_1,Delhi
2024-10-14 23:28:12.551590,28.661036176666354,77.0753970881017,Burglary,Medium,True,INC_001419,District_6,Delhi
2025-07-09 05:28:12.551590,28.5413998565712,77.2333282750647,Vehicle Crime,Medium,True,INC_001420,District_1,Delhi
2024-02-13 02:28:12.551590,28.66826057130019,77.25549635862518,Assault,High,False,INC_001421,District_3,Delhi
2023-12-29 15:28:12.551590,28.66628677552283,77.17648595967148,Assault,High,False,INC_001422,District_5,Delhi
2025-06-07 17:28:12.551590,28.660546260375675,77.2773576713292,Fraud,Medium,True,INC_001423,District_4,Delhi
2025-02-07 17:28:12.551590,28.67738066528457,77.18187185815057,Fraud,Low,True,INC_001424,District_3,Delhi
2024-01-09 16:28:12.551590,28.63072379598258,77.265667804621,Vandalism,High,True,INC_001425,District_7,Delhi
2025-03-30 11:28:12.551590,28.58550636343133,77.1975311429439,Theft,Medium,True,INC_001426,District_3,Delhi
2024-07-28 23:28:12.551590,28.432490040260376,77.07796083380893,Vandalism,Low,False,INC_001427,District_6,Delhi
2024-12-01 07:28:12.551590,28.645837602260634,77.17254320318096,Burglary,Low,False,INC_001428,District_1,Delhi
2024-08-21 16:28:12.551590,28.647114719494272,77.25908317162309,Theft,Medium,True,INC_001429,District_10,Delhi
2024-06-10 12:28:12.551590,28.532125618300952,77.25051817211082,Vehicle Crime,High,True,INC_001430,District_1,Delhi
2025-08-14 21:28:12.551590,28.637258038482294,77.26201427078627,Fraud,Low,True,INC_001431,District_8,Delhi
2024-05-03 18:28:12.551590,28.570319323950716,77.05041787077202,Fraud,Medium,True,INC_001432,District_9,Delhi
2024-03-21 10:28:12.551590,28.660688210329145,77.18356950021399,Assault,Medium,True,INC_001433,District_10,Delhi
2023-10-06 00:28:12.551590,28.642219137885434,77.07887575722471,Assault,High,True,INC_001434,District_3,Delhi
2025-05-30 16:28:12.551590,28.62535089348534,77.26873835888433,Burglary,High,False,INC_001435,District_2,Delhi
2024-05-10 07:28:12.551590,28.538177924165957,77.24515140998486,Theft,Low,False,INC_001436,District_5,Delhi
2023-10-06 17:28:12.551590,28.5170825709339,77.09449981807228,Vehicle Crime,Low,False,INC_001437,District_3,Delhi
2025-01-28 00:28:12.551590,28.44549307631745,76.99505254032807,Vandalism,Medium,True,INC_001438,District_9,Delhi
2024-01-06 09:28:12.551590,28.649210818232948,77.26648589947833,Vehicle Crime,Medium,True,INC_001439,District_10,Delhi
2023-10-19 10:28:12.551590,28.624535906750527,77.28062494993291,Fraud,Low,False,INC_001440,District_8,Delhi
2024-11-13 22:28:12.551590,28.65938947845898,77.16619073019152,Theft,High,False,INC_001441,District_3,Delhi
2024-11-08 21:28:12.551590,28.682837916342873,77.23269818474692,Fraud,Low,True,INC_001442,District_3,Delhi
2024-01-04 04:28:12.551590,28.67070840914984,77.1761492132358,Fraud,High,True,INC_001443,District_1,Delhi
2023-11-21 02:28:12.551590,28.633765542851016,77.25930668802998,Burglary,Low,True,INC_001444,District_4,Delhi
2024-02-24 02:28:12.551590,28.64860311768602,77.27938659570053,Burglary,High,False,INC_001445,District_1,Delhi
2024-04-10 05:28:12.551590,28.53812244811382,77.24558416699743,Assault,High,True,INC_001446,District_2,Delhi
2024-11-15 05:28:12.551590,28.53621925108037,77.23847966770866,Vehicle Crime,Low,True,INC_001447,District_5,Delhi
2024-12-10 23:28:12.551590,28.623516914685666,77.27755762967733,Fraud,Medium,True,INC_001448,District_3,Delhi
2024-08-26 15:28:12.551590,28.66329610790521,77.18665385169581,Burglary,High,False,INC_001449,District_1,Delhi
2024-12-09 10:28:12.551590,28.642757486894013,77.27489115997017,Vehicle Crime,Low,True,INC_001450,District_3,Delhi
2025-02-02 13:28:12.551590,28.603509723890426,77.0797145248375,Theft,Low,False,INC_001451,District_6,Delhi
2024-01-19 03:28:12.551590,28.642963489682607,77.15165700809897,Fraud,High,True,INC_001452,District_4,Delhi
2024-03-01 11:28:12.551590,28.60042428268451,77.28270100582075,Burglary,Low,True,INC_001453,District_8,Delhi
2025-05-12 17:28:12.551590,28.6085967831232,77.18056776377854,Theft,High,True,INC_001454,District_2,Delhi
2024-08-29 00:28:12.551590,28.476114226564444,77.31075018858733,Theft,Low,False,INC_001455,District_4,Delhi
2023-10-03 19:28:12.551590,28.646621400025477,77.2350069544426,Fraud,Medium,True,INC_001456,District_9,Delhi
2023-11-20 17:28:12.551590,28.532075509873014,77.2406574387734,Fraud,Low,True,INC_001457,District_9,Delhi
2024-01-16 14:28:12.551590,28.47296834095431,77.2105556609541,Vehicle Crime,Medium,False,INC_001458,District_3,Delhi
2024-08-19 09:28:12.551590,28.627825791472954,77.27933111953595,Theft,High,False,INC_001459,District_5,Delhi
2023-11-16 04:28:12.551590,28.742322761795226,77.02387580568194,Fraud,High,True,INC_001460,District_7,Delhi
2025-02-13 23:28:12.551590,28.453117572181707,77.23386720251665,Fraud,Low,True,INC_001461,District_4,Delhi
2025-03-20 15:28:12.551590,28.68072082674585,77.18700185296947,Fraud,Low,True,INC_001462,District_7,Delhi
2024-10-27 01:28:12.551590,28.757185736003244,77.1921133148408,Theft,Low,True,INC_001463,District_7,Delhi
2023-12-09 21:28:12.551590,28.66875934132772,77.19125081009982,Burglary,High,True,INC_001464,District_4,Delhi
2025-02-10 12:28:12.551590,28.67237162156914,77.180253253075,Vandalism,High,True,INC_001465,District_5,Delhi
2024-11-15 11:28:12.551590,28.607871232939047,77.24980973739257,Fraud,Medium,True,INC_001466,District_4,Delhi
2025-07-18 08:28:12.551590,28.639754663831265,77.01596213777107,Burglary,Medium,True,INC_001467,District_11,Delhi
2023-12-14 01:28:12.551590,28.63795897134852,77.29154043049427,Fraud,High,True,INC_001468,District_2,Delhi
2025-04-02 11:28:12.551590,28.535769740968508,77.25268955470634,Burglary,Low,True,INC_001469,District_1,Delhi
2024-01-29 23:28:12.551590,28.629793533358036,77.26332234082776,Burglary,Low,True,INC_001470,District_5,Delhi
2024-03-11 18:28:12.551590,28.65501866144962,77.16545412257773,Burglary,Low,True,INC_001471,District_8,Delhi
2024-01-10 14:28:12.551590,28.64087559259108,77.27480229110822,Vehicle Crime,Low,False,INC_001472,District_6,Delhi
2025-01-28 23:28:12.551590,28.6758026188984,77.17919431594287,Theft,High,True,INC_001473,District_7,Delhi
2024-12-02 11:28:12.551590,28.544804957143725,77.2342130161904,Vehicle Crime,Medium,True,INC_001474,District_8,Delhi
2024-12-15 02:28:12.551590,28.65251081476286,77.18285918271626,Theft,High,True,INC_001475,District_2,Delhi
2024-05-31 11:28:12.551590,28.564132952374525,77.07428886269588,Fraud,High,True,INC_001476,District_3,Delhi
2023-10-05 02:28:12.551590,28.644720706681973,77.27613335983052,Burglary,High,True,INC_001477,District_8,Delhi
2024-03-25 03:28:12.551590,28.62513465549399,77.24067377882523,Burglary,High,False,INC_001478,District_8,Delhi
2024-08-28 22:28:12.551590,28.53341608666352,77.23381217232541,Assault,Low,True,INC_001479,District_8,Delhi
2024-02-12 03:28:12.551590,28.38705921901553,77.30826065585525,Theft,Low,True,INC_001480,District_6,Delhi
2024-02-25 14:28:12.551590,28.531746959592503,77.25710251968741,Burglary,Medium,False,INC_001481,District_7,Delhi
2024-06-15 21:28:12.551590,28.584999391951694,76.99936197512274,Vandalism,Medium,True,INC_001482,District_3,Delhi
2024-11-12 08:28:12.551590,28.63529808999543,77.27693573980596,Vandalism,Low,True,INC_001483,District_4,Delhi
2024-09-23 07:28:12.551590,28.47737152989135,77.23501895996405,Burglary,High,False,INC_001484,District_10,Delhi
2024-01-01 00:28:12.551590,28.62731211732071,77.26954846772546,Vandalism,Medium,True,INC_001485,District_10,Delhi
2025-04-25 11:28:12.551590,28.65410759791701,77.18972669231276,Vehicle Crime,Medium,False,INC_001486,District_11,Delhi
2024-10-11 16:28:12.551590,28.735045984895237,77.21416546594538,Vehicle Crime,High,True,INC_001487,District_10,Delhi
2024-05-22 17:28:12.551590,28.661762703981797,77.17112375815596,Burglary,High,False,INC_001488,District_2,Delhi
2025-07-30 15:28:12.551590,28.429072439541656,77.06528670609107,Burglary,Low,False,INC_001489,District_3,Delhi
2024-08-17 15:28:12.551590,28.532180206100968,77.22916034577932,Assault,Low,True,INC_001490,District_6,Delhi
2025-07-15 21:28:12.551590,28.639993177515247,77.25630861359457,Vehicle Crime,High,True,INC_001491,District_10,Delhi
2025-02-23 21:28:12.551590,28.428239714647702,77.17051381855765,Assault,High,True,INC_001492,District_1,Delhi
2025-04-18 09:28:12.551590,28.518376903089997,77.43309569485976,Vandalism,High,True,INC_001493,District_1,Delhi
2024-09-23 12:28:12.551590,28.36200464264383,77.27132935128422,Vandalism,Medium,True,INC_001494,District_11,Delhi
2024-05-27 21:28:12.551590,28.63656672985996,77.26815929329088,Vandalism,High,False,INC_001495,District_2,Delhi
2024-02-14 11:28:12.551590,28.64384494663077,77.2662119312521,Vandalism,Medium,True,INC_001496,District_11,Delhi
2024-10-23 16:28:12.551590,28.643688931599726,77.27088106650703,Vehicle Crime,Low,True,INC_001497,District_6,Delhi
2024-12-31 04:28:12.551590,28.63035104987646,77.27608658227233,Vehicle Crime,Low,True,INC_001498,District_6,Delhi
2023-10-09 15:28:12.551590,28.661444058892226,77.17753724180305,Theft,Low,True,INC_001499,District_11,Delhi
2024-06-22 13:28:12.551590,28.671367285234595,77.1755243237893,Vehicle Crime,Medium,True,INC_001500,District_8,Delhi
2025-07-03 21:28:12.551590,28.527499177374825,77.23914387181823,Fraud,Medium,False,INC_001501,District_11,Delhi
2024-12-25 08:28:12.551590,28.416422537760802,77.444777323444,Fraud,Low,False,INC_001502,District_6,Delhi
2024-06-08 01:28:12.551590,28.6456977080638,77.27230296291943,Assault,Low,True,INC_001503,District_8,Delhi
2024-03-02 17:28:12.551590,28.62738856891256,77.28117890408267,Theft,Medium,True,INC_001504,District_9,Delhi
2023-10-02 12:28:12.551590,28.658556983813106,77.25964604093792,Theft,Low,False,INC_001505,District_7,Delhi
2024-11-05 12:28:12.551590,28.626696209720695,77.2704720545073,Vehicle Crime,Low,True,INC_001506,District_3,Delhi
2024-11-06 23:28:12.551590,28.513923242144337,77.04563914880677,Burglary,Low,False,INC_001507,District_6,Delhi
2024-05-04 09:28:12.551590,28.868417762059675,77.10003695363966,Burglary,Low,False,INC_001508,District_5,Delhi
2024-07-19 01:28:12.551590,28.479837660819673,77.21486344917231,Assault,Low,True,INC_001509,District_9,Delhi
2025-03-25 11:28:12.551590,28.490285671747422,77.24522712532192,Theft,Medium,True,INC_001510,District_5,Delhi
2025-08-17 02:28:12.551590,28.673601875880166,77.16837138826418,Assault,Low,True,INC_001511,District_3,Delhi
2025-08-19 17:28:12.551590,28.606829623651777,77.05909425001082,Vandalism,Low,False,INC_001512,District_2,Delhi
2024-05-28 16:28:12.551590,28.646917468163707,77.25952086258438,Theft,High,True,INC_001513,District_6,Delhi
2025-01-03 12:28:12.551590,28.642978272767426,77.2733925472786,Burglary,Medium,True,INC_001514,District_9,Delhi
2025-04-09 22:28:12.551590,28.64744724918469,77.18506765274769,Vandalism,High,True,INC_001515,District_3,Delhi
2023-10-03 01:28:12.551590,28.65795705526732,77.18240795106705,Assault,Low,True,INC_001516,District_5,Delhi
2025-01-13 19:28:12.551590,28.6576645229067,77.16207424207278,Burglary,Medium,True,INC_001517,District_8,Delhi
2024-07-06 07:28:12.551590,28.62603724464731,77.25831572262923,Vehicle Crime,Low,True,INC_001518,District_7,Delhi
2023-10-04 15:28:12.551590,28.635525636860745,77.29419270908932,Fraud,Low,False,INC_001519,District_11,Delhi
2024-04-28 06:28:12.551590,28.665629620419512,77.17663579198302,Fraud,High,True,INC_001520,District_8,Delhi
2025-03-03 01:28:12.551590,28.63877654129471,77.28395479808923,Vandalism,Low,True,INC_001521,District_10,Delhi
2024-10-18 10:28:12.551590,28.521865866031114,77.11295997959881,Vandalism,Medium,False,INC_001522,District_8,Delhi
2025-07-26 06:28:12.551590,28.62517006379129,77.26292484572295,Vandalism,High,True,INC_001523,District_4,Delhi
2024-11-29 13:28:12.551590,28.63929264546433,77.26013110456415,Burglary,High,True,INC_001524,District_8,Delhi
2023-11-14 16:28:12.551590,28.52684570388491,77.2575088613173,Burglary,Low,True,INC_001525,District_8,Delhi
2024-12-28 03:28:12.551590,28.54345594419156,77.25601168699474,Fraud,Low,True,INC_001526,District_9,Delhi
2025-03-08 16:28:12.551590,28.608604415884507,77.36814496411012,Vandalism,Low,True,INC_001527,District_9,Delhi
2023-11-16 05:28:12.551590,28.428992908888382,77.28392252394873,Burglary,High,True,INC_001528,District_4,Delhi
2025-05-16 18:28:12.551590,28.635803322936066,77.26687740641208,Fraud,Medium,True,INC_001529,District_2,Delhi
2024-08-06 19:28:12.551590,28.665660168570177,77.19302300387157,Fraud,Medium,False,INC_001530,District_1,Delhi
2024-08-26 02:28:12.551590,28.54009409128244,77.24910595326863,Burglary,Low,True,INC_001531,District_3,Delhi
2024-02-20 01:28:12.551590,28.533859574405007,77.24676642253696,Vandalism,High,True,INC_001532,District_10,Delhi
2024-05-06 00:28:12.551590,28.698943347788926,77.13422832263078,Vehicle Crime,Medium,False,INC_001533,District_3,Delhi
2025-03-17 04:28:12.551590,28.538898685971613,77.34599980542716,Theft,Medium,False,INC_001534,District_7,Delhi
2023-09-04 11:28:12.551590,28.642276242866917,77.26236571350694,Fraud,Low,True,INC_001535,District_10,Delhi
2023-10-12 21:28:12.551590,28.519907116637704,77.24786047251213,Vandalism,High,True,INC_001536,District_5,Delhi
2025-03-17 16:28:12.551590,28.626740911386243,77.2716717387851,Vehicle Crime,High,False,INC_001537,District_8,Delhi
2025-06-07 17:28:12.551590,28.537824680443766,77.25083771405733,Fraud,High,True,INC_001538,District_4,Delhi
2024-08-13 19:28:12.551590,28.63266946524625,77.26332778634126,Theft,Low,False,INC_001539,District_5,Delhi
2024-03-28 05:28:12.551590,28.527422868663212,77.24953598558326,Theft,Low,False,INC_001540,District_9,Delhi
2024-01-19 12:28:12.551590,28.626456144621166,77.26660630816818,Assault,High,True,INC_001541,District_8,Delhi
2024-04-21 01:28:12.551590,28.656138391203687,77.16822608188099,Burglary,Medium,True,INC_001542,District_9,Delhi
2025-06-15 03:28:12.551590,28.991452146081883,77.15271569075375,Fraud,Medium,True,INC_001543,District_10,Delhi
2024-12-31 02:28:12.551590,28.54027673358338,77.2419916880081,Theft,Medium,True,INC_001544,District_3,Delhi
2024-10-08 13:28:12.551590,28.65720083264139,77.16849732853802,Burglary,High,True,INC_001545,District_8,Delhi
2024-11-03 23:28:12.551590,28.66253637395491,77.17014464374266,Fraud,Low,True,INC_001546,District_9,Delhi
2023-11-23 16:28:12.551590,28.532481650501783,77.25847045771114,Burglary,High,False,INC_001547,District_9,Delhi
2024-08-09 19:28:12.551590,28.35065636834993,77.35876206399949,Burglary,High,False,INC_001548,District_9,Delhi
2024-05-06 18:28:12.551590,28.60536885808167,77.36666748284419,Assault,Low,True,INC_001549,District_1,Delhi
2023-10-25 01:28:12.551590,28.67012994811051,77.1731070779703,Vehicle Crime,High,False,INC_001550,District_4,Delhi
2025-07-09 15:28:12.551590,28.661651973475735,77.16828175445772,Theft,High,True,INC_001551,District_2,Delhi
2025-01-19 15:28:12.551590,28.70166442345646,77.2219571477114,Vehicle Crime,Low,False,INC_001552,District_2,Delhi
2024-06-21 00:28:12.551590,28.29555271476309,77.2788351161114,Burglary,Low,True,INC_001553,District_1,Delhi
2024-07-24 11:28:12.551590,28.629286112989167,77.17009943239555,Fraud,Medium,True,INC_001554,District_3,Delhi
2024-12-08 17:28:12.551590,28.644415807797657,77.27401032787176,Burglary,Low,True,INC_001555,District_8,Delhi
2024-11-14 19:28:12.551590,28.53922365954749,77.25846062223128,Theft,Medium,False,INC_001556,District_6,Delhi
2025-07-17 20:28:12.551590,28.631927189214892,77.26517340556858,Vandalism,High,True,INC_001557,District_4,Delhi
2025-03-04 13:28:12.551590,28.80439694533621,77.2129261632228,Vandalism,High,True,INC_001558,District_8,Delhi
2023-10-25 22:28:12.551590,28.71174582725917,77.31934450573182,Burglary,Low,True,INC_001559,District_7,Delhi
2024-01-11 13:28:12.551590,28.617510107151286,77.26928252408221,Vehicle Crime,High,True,INC_001560,District_5,Delhi
2025-03-14 07:28:12.551590,28.631056417611482,77.25219030023258,Burglary,Medium,True,INC_001561,District_1,Delhi
2024-11-25 01:28:12.551590,28.610014688611564,77.0672593784731,Assault,Low,True,INC_001562,District_8,Delhi
2024-12-15 00:28:12.551590,28.425479281922392,77.15721371354175,Vehicle Crime,High,True,INC_001563,District_2,Delhi
2024-11-02 03:28:12.551590,28.630298668591895,77.2396457074973,Vandalism,High,False,INC_001564,District_8,Delhi
2024-10-13 01:28:12.551590,28.563042498503023,77.39302530822637,Fraud,Low,True,INC_001565,District_5,Delhi
2025-05-22 18:28:12.551590,28.716076724320413,77.14618834081247,Theft,Low,True,INC_001566,District_4,Delhi
2024-06-14 11:28:12.551590,28.65040019369517,77.26751775022156,Fraud,Low,True,INC_001567,District_2,Delhi
2025-01-09 02:28:12.551590,28.53786776019849,77.24549708378468,Vehicle Crime,Medium,True,INC_001568,District_9,Delhi
2024-10-16 02:28:12.551590,28.657268876360888,77.1686044499855,Fraud,High,True,INC_001569,District_2,Delhi
2023-12-06 01:28:12.551590,28.54465764344061,77.23390561119265,Vandalism,Low,True,INC_001570,District_2,Delhi
2024-04-14 14:28:12.551590,28.646398090243434,77.16943065442688,Assault,Medium,True,INC_001571,District_3,Delhi
2025-02-03 12:28:12.551590,28.519958354292115,77.11682439445147,Assault,Medium,False,INC_001572,District_11,Delhi
2024-01-16 15:28:12.551590,28.658322968254428,77.18658821931805,Theft,Medium,True,INC_001573,District_1,Delhi
2024-10-07 04:28:12.551590,28.3874250045279,77.12767663899224,Assault,High,False,INC_001574,District_8,Delhi
2024-07-31 01:28:12.551590,28.540576767492524,77.24654695975832,Fraud,Medium,True,INC_001575,District_8,Delhi
2024-11-28 06:28:12.551590,28.653537432305132,77.19787250312409,Theft,Low,False,INC_001576,District_3,Delhi
2025-05-21 10:28:12.551590,28.639335766331165,77.19309043022307,Vandalism,Medium,True,INC_001577,District_2,Delhi
2024-02-13 14:28:12.551590,28.48849703002427,77.20931003868655,Vandalism,Medium,True,INC_001578,District_3,Delhi
2024-02-07 18:28:12.551590,28.732436787280264,77.1409997091274,Theft,Low,True,INC_001579,District_8,Delhi
2025-07-29 00:28:12.551590,28.51133659501864,77.18632905475238,Assault,Medium,True,INC_001580,District_4,Delhi
2025-04-10 10:28:12.551590,28.615789591874627,77.24415407332505,Vandalism,Medium,False,INC_001581,District_9,Delhi
2025-03-24 11:28:12.551590,28.53183043045626,77.2500920737026,Fraud,High,True,INC_001582,District_5,Delhi
2024-11-12 02:28:12.551590,28.672874104213744,77.18001523745278,Vandalism,Medium,False,INC_001583,District_10,Delhi
2024-12-06 07:28:12.551590,28.593319689115518,77.22956278531024,Fraud,Low,False,INC_001584,District_10,Delhi
2023-11-17 12:28:12.551590,28.627632140069057,77.25530651739037,Vandalism,Low,False,INC_001585,District_8,Delhi
2025-03-06 18:28:12.551590,28.664090889209742,77.18068213798095,Fraud,Low,True,INC_001586,District_11,Delhi
2024-10-10 08:28:12.551590,28.63817030353159,77.26638362395157,Assault,Low,True,INC_001587,District_5,Delhi
2023-09-22 19:28:12.551590,28.6661294870335,77.19754177344775,Assault,Medium,True,INC_001588,District_7,Delhi
2024-03-02 03:28:12.551590,28.63145657722319,77.25704431265703,Vandalism,Low,True,INC_001589,District_5,Delhi
2025-03-28 14:28:12.551590,28.64885002220596,77.18896390369613,Vehicle Crime,Medium,True,INC_001590,District_7,Delhi
2024-04-20 06:28:12.551590,28.620661436088664,77.26899605524217,Vandalism,Medium,False,INC_001591,District_6,Delhi
2025-05-17 03:28:12.551590,28.531995135941905,77.25989084763845,Assault,Low,True,INC_001592,District_2,Delhi
2024-01-12 00:28:12.551590,28.65088720237592,77.28740770143744,Fraud,Low,True,INC_001593,District_11,Delhi
2024-05-18 15:28:12.551590,28.440555883022352,77.11231359039373,Burglary,Medium,True,INC_001594,District_7,Delhi
2023-09-04 19:28:12.551590,28.669222920534104,77.1815009891327,Theft,Medium,True,INC_001595,District_4,Delhi
2024-11-19 19:28:12.551590,28.63995236895739,77.26282860184048,Theft,High,True,INC_001596,District_3,Delhi
2024-05-10 21:28:12.551590,28.668873661966508,77.1727833049821,Burglary,Low,True,INC_001597,District_3,Delhi
2024-04-24 01:28:12.551590,28.478192312568876,77.11417842826646,Fraud,High,True,INC_001598,District_11,Delhi
2024-10-23 06:28:12.551590,28.691974706398415,77.29738161101184,Fraud,Low,True,INC_001599,District_3,Delhi
2023-10-28 00:28:12.551590,28.658798969549824,77.35053686289042,Fraud,Medium,True,INC_001600,District_4,Delhi
2023-10-23 19:28:12.551590,28.74153238579986,77.25949719686271,Theft,Low,False,INC_001601,District_7,Delhi
2023-11-03 05:28:12.551590,28.636286434712844,77.22653171900522,Vehicle Crime,Medium,True,INC_001602,District_11,Delhi
2025-02-18 12:28:12.551590,28.53701260963956,77.25774844438833,Vandalism,High,False,INC_001603,District_5,Delhi
2025-04-28 23:28:12.551590,28.637173450702264,77.27243889881478,Fraud,Medium,False,INC_001604,District_8,Delhi
2024-05-25 13:28:12.551590,28.631651611689904,77.22367031203784,Vehicle Crime,High,True,INC_001605,District_1,Delhi
2024-01-02 10:28:12.551590,28.528944811318606,77.2612632746079,Fraud,Low,True,INC_001606,District_11,Delhi
2025-05-21 10:28:12.551590,28.523188167431005,77.25224759392034,Fraud,Low,True,INC_001607,District_5,Delhi
2023-10-17 11:28:12.551590,28.55565881165261,77.25619924436529,Vandalism,Medium,True,INC_001608,District_1,Delhi
2024-11-17 23:28:12.551590,28.658100924472638,77.17850032756172,Assault,Medium,False,INC_001609,District_3,Delhi
2025-07-16 02:28:12.551590,28.52175595183903,77.25376655642468,Burglary,High,True,INC_001610,District_11,Delhi
2023-10-03 09:28:12.551590,28.539161823594796,77.23611212020954,Vehicle Crime,Low,True,INC_001611,District_9,Delhi
2024-10-06 08:28:12.551590,28.669891647830198,77.18131150735896,Vehicle Crime,Low,True,INC_001612,District_5,Delhi
2025-07-28 23:28:12.551590,28.526330833973883,77.24029146484148,Theft,Medium,True,INC_001613,District_8,Delhi
2023-12-11 07:28:12.551590,28.734476220350224,77.33738101382626,Vandalism,Medium,False,INC_001614,District_10,Delhi
2024-03-27 07:28:12.551590,28.665239975236922,77.18260159550078,Vandalism,Medium,True,INC_001615,District_9,Delhi
2024-11-07 23:28:12.551590,28.649543516405664,77.18855343602068,Vehicle Crime,High,False,INC_001616,District_3,Delhi
2024-07-04 17:28:12.551590,28.532501968578902,77.24513673563102,Fraud,High,True,INC_001617,District_5,Delhi
2024-04-15 06:28:12.551590,28.748292214077914,77.25784890016858,Burglary,High,False,INC_001618,District_1,Delhi
2025-03-03 04:28:12.551590,28.78154957820134,77.19044577900948,Vandalism,Low,False,INC_001619,District_8,Delhi
2024-05-30 11:28:12.551590,28.599546942621927,77.25000294809757,Theft,High,False,INC_001620,District_9,Delhi
2025-03-18 13:28:12.551590,28.718850813553594,77.33278900147025,Assault,Medium,True,INC_001621,District_3,Delhi
2025-08-22 17:28:12.551590,28.602456245027124,77.29126849399755,Theft,Medium,True,INC_001622,District_1,Delhi
2025-02-25 17:28:12.551590,28.53056784052141,77.43446800846668,Vandalism,Medium,True,INC_001623,District_6,Delhi
2024-12-27 22:28:12.551590,28.536040335967403,77.2438445581085,Burglary,Medium,True,INC_001624,District_1,Delhi
2024-03-03 05:28:12.551590,28.668561265904696,77.17509852853927,Burglary,High,True,INC_001625,District_1,Delhi
2024-06-11 14:28:12.551590,28.514700851822393,77.12526217040906,Fraud,Low,True,INC_001626,District_9,Delhi
2025-04-30 15:28:12.551590,28.725380415635883,77.12992809458068,Burglary,Low,True,INC_001627,District_7,Delhi
2025-07-04 01:28:12.551590,28.639102257026806,77.2611238265356,Fraud,Medium,True,INC_001628,District_2,Delhi
2024-04-07 01:28:12.551590,28.743690141499634,76.89080396333205,Vehicle Crime,Medium,True,INC_001629,District_6,Delhi
2023-09-20 22:28:12.551590,28.444652894093693,77.02443442371563,Vehicle Crime,Medium,True,INC_001630,District_1,Delhi
2024-05-31 02:28:12.551590,28.66651367481618,77.18360506455913,Vehicle Crime,Low,False,INC_001631,District_1,Delhi
2024-08-07 11:28:12.551590,28.591184935492546,77.14829638660964,Assault,High,False,INC_001632,District_5,Delhi
2023-09-25 04:28:12.551590,28.54917078131086,77.25064982674488,Vehicle Crime,Low,False,INC_001633,District_9,Delhi
2024-09-08 05:28:12.551590,28.668681069249494,77.18258141870108,Burglary,High,True,INC_001634,District_1,Delhi
2024-06-26 09:28:12.551590,28.647422898689232,77.2545181026518,Theft,Medium,True,INC_001635,District_10,Delhi
2024-08-23 09:28:12.551590,28.525250087855888,77.24329550624115,Fraud,Medium,False,INC_001636,District_3,Delhi
2024-04-22 12:28:12.551590,28.688718505267655,77.25804196629679,Vehicle Crime,Medium,True,INC_001637,District_1,Delhi
2024-01-09 17:28:12.551590,28.6324282006838,77.27808800082049,Theft,Medium,False,INC_001638,District_3,Delhi
2023-09-22 08:28:12.551590,28.66188362950315,77.19601027491223,Vandalism,Low,True,INC_001639,District_1,Delhi
2024-07-25 01:28:12.551590,28.67584980530893,77.31409037141142,Assault,Low,False,INC_001640,District_1,Delhi
2023-10-24 22:28:12.551590,28.898166911250417,77.21982018048412,Fraud,Low,True,INC_001641,District_4,Delhi
2024-02-20 11:28:12.551590,28.540415058285948,77.03121993129048,Vehicle Crime,Low,True,INC_001642,District_9,Delhi
2024-11-14 12:28:12.551590,28.829774575211275,77.3676352781835,Burglary,Low,False,INC_001643,District_1,Delhi
2024-08-09 00:28:12.551590,28.666689206576535,77.18920087624939,Assault,High,False,INC_001644,District_1,Delhi
2024-09-07 08:28:12.551590,28.649128914769584,77.2698797624594,Assault,Low,True,INC_001645,District_7,Delhi
2023-10-12 04:28:12.551590,28.641903202335,77.25275239051909,Vehicle Crime,Medium,False,INC_001646,District_7,Delhi
2024-09-12 22:28:12.551590,28.460284039547247,77.15924376787414,Fraud,High,False,INC_001647,District_8,Delhi
2024-06-04 07:28:12.551590,28.67477952735245,77.17425577961056,Burglary,Low,True,INC_001648,District_7,Delhi
2024-12-24 20:28:12.551590,28.575841247911633,77.36234861189315,Theft,High,True,INC_001649,District_2,Delhi
2024-04-27 09:28:12.551590,28.69943694855458,77.05099843927864,Theft,Low,True,INC_001650,District_10,Delhi
2024-05-16 03:28:12.551590,28.620993301559093,77.26931732202662,Theft,Medium,True,INC_001651,District_2,Delhi
2025-06-12 02:28:12.551590,28.551426179442082,77.24093472089096,Fraud,Low,True,INC_001652,District_9,Delhi
2024-10-24 02:28:12.551590,28.414696609896477,77.21250342519477,Vehicle Crime,Medium,True,INC_001653,District_7,Delhi
2025-06-16 19:28:12.551590,28.660096434035072,77.18027854622545,Fraud,Medium,True,INC_001654,District_11,Delhi
2024-01-09 12:28:12.551590,28.862364559132402,77.09662538063895,Assault,High,True,INC_001655,District_10,Delhi
2024-09-02 10:28:12.551590,28.66169156032725,77.18581758872693,Theft,Medium,False,INC_001656,District_7,Delhi
2023-09-17 21:28:12.551590,28.62736105464948,77.27896376553758,Vandalism,Medium,True,INC_001657,District_1,Delhi
2023-09-20 11:28:12.551590,28.476985305829842,77.12593824540971,Vandalism,Low,False,INC_001658,District_11,Delhi
2025-07-19 06:28:12.551590,28.40605824824907,77.04229457064093,Fraud,Low,False,INC_001659,District_10,Delhi
2023-10-10 23:28:12.551590,28.544514435324377,77.23307211587611,Vandalism,High,True,INC_001660,District_4,Delhi
2024-03-25 03:28:12.551590,28.534561183134283,77.24046246138785,Theft,Low,True,INC_001661,District_10,Delhi
2025-06-20 20:28:12.551590,28.539730100616048,77.24421390531869,Theft,High,False,INC_001662,District_9,Delhi
2025-05-11 09:28:12.551590,28.66310304352549,77.165161469881,Theft,High,True,INC_001663,District_4,Delhi
2024-06-13 05:28:12.551590,28.551996123920095,77.21975480294519,Assault,Medium,True,INC_001664,District_5,Delhi
2024-06-21 05:28:12.551590,28.76073044626749,77.19043730901343,Assault,Low,False,INC_001665,District_8,Delhi
2024-04-16 18:28:12.551590,28.788569618833115,77.20636765004757,Assault,Medium,False,INC_001666,District_9,Delhi
2023-10-06 00:28:12.551590,28.66258529369689,77.18529069394216,Fraud,High,True,INC_001667,District_1,Delhi
2024-04-28 07:28:12.551590,28.53115618425015,77.22141206897817,Theft,High,True,INC_001668,District_9,Delhi
2024-12-01 02:28:12.551590,28.642913843449175,77.2850386011337,Burglary,High,True,INC_001669,District_11,Delhi
2024-07-31 21:28:12.551590,28.73440693962189,77.18292067492506,Vehicle Crime,High,True,INC_001670,District_8,Delhi
2025-05-22 02:28:12.551590,28.627102278998272,77.2653788978691,Assault,Low,False,INC_001671,District_6,Delhi
2024-12-26 06:28:12.551590,28.577306879484848,77.44201827045124,Vandalism,High,True,INC_001672,District_5,Delhi
2024-11-15 15:28:12.551590,28.63091124156417,77.25236157694793,Assault,High,True,INC_001673,District_9,Delhi
2025-03-31 23:28:12.551590,28.64588836141098,77.2627895602474,Theft,Medium,True,INC_001674,District_10,Delhi
2025-07-13 04:28:12.551590,28.535154145731866,77.25578190341446,Fraud,Medium,False,INC_001675,District_11,Delhi
2023-09-07 13:28:12.551590,28.68119642847449,77.02653677609086,Theft,High,False,INC_001676,District_9,Delhi
2024-09-20 23:28:12.551590,28.733369617654816,77.43324065294777,Vehicle Crime,Low,False,INC_001677,District_9,Delhi
2024-11-15 17:28:12.551590,28.532128815919858,77.25508696533684,Theft,Low,False,INC_001678,District_2,Delhi
2024-04-02 05:28:12.551590,28.661544065015292,77.1954668984481,Burglary,High,True,INC_001679,District_6,Delhi
2024-01-27 00:28:12.551590,28.539106672424122,77.25425293347128,Vandalism,Low,False,INC_001680,District_6,Delhi
2025-03-23 01:28:12.551590,28.66470047394284,77.16692659351261,Vehicle Crime,Medium,False,INC_001681,District_9,Delhi
2025-01-03 15:28:12.551590,28.66593680117229,77.16841219968258,Vehicle Crime,High,True,INC_001682,District_3,Delhi
2024-12-06 14:28:12.551590,28.675614543765167,77.17234441024911,Vehicle Crime,High,False,INC_001683,District_6,Delhi
2025-04-07 12:28:12.551590,28.677221447850023,77.20043348660847,Burglary,Medium,False,INC_001684,District_7,Delhi
2025-05-04 19:28:12.551590,28.63258727627497,77.25050287972566,Assault,High,True,INC_001685,District_8,Delhi
2024-07-21 12:28:12.551590,28.664729846115304,77.10466904019331,Vehicle Crime,High,True,INC_001686,District_5,Delhi
2024-12-31 09:28:12.551590,28.67258245670205,77.16265692884046,Burglary,Low,True,INC_001687,District_8,Delhi
2023-11-22 13:28:12.551590,28.640580846310563,77.25152512484364,Theft,Medium,True,INC_001688,District_11,Delhi
2023-10-30 21:28:12.551590,28.661239923018464,77.19397957165852,Fraud,Medium,True,INC_001689,District_10,Delhi
2024-09-07 09:28:12.551590,28.663162022337936,77.18250642319585,Fraud,Medium,False,INC_001690,District_11,Delhi
2024-06-30 23:28:12.551590,28.536080938804037,77.22693639658353,Vehicle Crime,Low,True,INC_001691,District_2,Delhi
2024-10-29 00:28:12.551590,28.345100523147497,77.04641434609216,Assault,High,True,INC_001692,District_11,Delhi
2025-07-19 06:28:12.551590,28.580105655015213,77.23885040834182,Burglary,Low,False,INC_001693,District_2,Delhi
2023-11-20 17:28:12.551590,28.559824974637664,77.24953801135433,Vandalism,Low,True,INC_001694,District_1,Delhi
2025-02-02 12:28:12.551590,28.652568839926595,76.9120103813396,Assault,Low,True,INC_001695,District_3,Delhi
2023-10-27 22:28:12.551590,28.517603301979626,77.23102926354704,Burglary,High,False,INC_001696,District_11,Delhi
2024-10-08 12:28:12.551590,28.835612191003356,77.02703575282156,Fraud,Medium,True,INC_001697,District_1,Delhi
2024-10-27 11:28:12.551590,28.544306320674625,77.24476721313208,Fraud,High,True,INC_001698,District_4,Delhi
2025-05-26 05:28:12.551590,28.65515159244027,77.09675754017847,Theft,Medium,True,INC_001699,District_7,Delhi
2023-09-19 05:28:12.551590,28.570733067348893,77.22107117689976,Assault,High,True,INC_001700,District_7,Delhi
2024-10-04 02:28:12.551590,28.540263074897823,77.24464171565981,Vandalism,High,True,INC_001701,District_9,Delhi
2025-05-29 08:28:12.551590,28.642255120273347,77.26290970560288,Assault,Medium,False,INC_001702,District_3,Delhi
2025-03-11 21:28:12.551590,28.636933397260876,77.24254320250732,Theft,High,True,INC_001703,District_2,Delhi
2025-07-18 06:28:12.551590,28.71644665141394,77.12963348126942,Assault,Medium,False,INC_001704,District_6,Delhi
2023-08-28 12:28:12.551590,28.64648096053236,77.28005704973829,Fraud,Medium,True,INC_001705,District_7,Delhi
2025-02-04 13:28:12.551590,28.684212208309464,77.25553424533338,Burglary,High,False,INC_001706,District_10,Delhi
2025-07-20 06:28:12.551590,28.65949973983079,77.18355071689483,Burglary,Medium,True,INC_001707,District_2,Delhi
2025-01-29 06:28:12.551590,28.568596887391784,77.21273375468245,Vehicle Crime,Medium,True,INC_001708,District_9,Delhi
2024-11-13 10:28:12.551590,28.628513460141924,77.30624429641713,Fraud,Low,False,INC_001709,District_5,Delhi
2023-10-24 23:28:12.551590,28.685030214501804,77.079746927161,Theft,Low,True,INC_001710,District_1,Delhi
2023-11-29 11:28:12.551590,28.53675720645175,77.386545890159,Burglary,Low,False,INC_001711,District_11,Delhi
2023-10-23 19:28:12.551590,28.657266617921206,77.17816504080075,Vehicle Crime,Low,False,INC_001712,District_10,Delhi
2024-12-07 05:28:12.551590,28.529482078855555,77.08907812981188,Burglary,High,True,INC_001713,District_11,Delhi
2024-06-18 21:28:12.551590,28.5797233984384,77.40175358404005,Assault,Low,True,INC_001714,District_3,Delhi
2024-06-13 23:28:12.551590,28.800904176674237,77.24804664411778,Theft,Low,True,INC_001715,District_11,Delhi
2025-06-27 22:28:12.551590,28.535878852650434,77.11549386035759,Burglary,Low,True,INC_001716,District_11,Delhi
2023-09-30 17:28:12.551590,28.84860628677018,77.35250862927879,Vehicle Crime,High,True,INC_001717,District_3,Delhi
2024-02-12 08:28:12.551590,28.535839096812587,77.24591206618672,Fraud,High,True,INC_001718,District_9,Delhi
2024-01-31 01:28:12.551590,28.552533523422643,77.25436538291528,Vehicle Crime,Low,True,INC_001719,District_10,Delhi
2025-03-18 05:28:12.551590,28.528860325559005,77.24530529349083,Burglary,Low,False,INC_001720,District_4,Delhi
2025-05-17 00:28:12.551590,28.667859792644457,77.19454424625036,Theft,Low,False,INC_001721,District_9,Delhi
2024-09-26 18:28:12.551590,28.673560704090455,77.17676576169842,Assault,Medium,True,INC_001722,District_3,Delhi
2025-05-22 18:28:12.551590,28.640700764437995,77.26050693437584,Fraud,Low,True,INC_001723,District_1,Delhi
2024-12-13 16:28:12.551590,28.675621446455644,77.1881182496567,Theft,High,False,INC_001724,District_11,Delhi
2024-09-11 02:28:12.551590,28.519737802496042,77.2417728995335,Assault,Low,True,INC_001725,District_9,Delhi
2025-08-23 15:28:12.551590,28.623415940559795,77.22865658002422,Fraud,Low,True,INC_001726,District_5,Delhi
2025-02-07 08:28:12.551590,28.64547107848189,77.29638857815675,Assault,Medium,True,INC_001727,District_2,Delhi
2024-09-11 20:28:12.551590,28.6025436354847,77.03930315036162,Vehicle Crime,Low,False,INC_001728,District_11,Delhi
2024-03-17 09:28:12.551590,28.632894648409504,77.28408664092282,Vandalism,Low,True,INC_001729,District_9,Delhi
2025-02-28 03:28:12.551590,28.670671098827263,77.04144814854321,Theft,Low,True,INC_001730,District_7,Delhi
2024-11-19 22:28:12.551590,28.63812015521625,77.2765812603663,Vehicle Crime,Low,True,INC_001731,District_3,Delhi
2025-03-18 22:28:12.551590,28.662882005013383,77.20390521176765,Assault,Medium,True,INC_001732,District_10,Delhi
2024-11-01 14:28:12.551590,28.658622790788222,77.27470275562517,Fraud,Medium,True,INC_001733,District_3,Delhi
2024-07-21 07:28:12.551590,28.608907790599048,77.07959437699864,Fraud,Low,True,INC_001734,District_9,Delhi
2025-05-15 05:28:12.551590,28.65319118081193,77.19486003425789,Vehicle Crime,High,True,INC_001735,District_9,Delhi
2025-05-28 22:28:12.551590,28.546325039684262,77.2525880739269,Theft,High,True,INC_001736,District_11,Delhi
2023-12-27 12:28:12.551590,28.57139881017434,77.05069245630362,Theft,Medium,True,INC_001737,District_9,Delhi
2025-03-08 00:28:12.551590,28.63085146249133,77.38093759581618,Burglary,Medium,True,INC_001738,District_2,Delhi
2025-04-01 06:28:12.551590,28.661879749701217,77.41696469037993,Assault,Medium,True,INC_001739,District_3,Delhi
2025-05-11 19:28:12.551590,28.66267166840779,77.18772059517296,Fraud,High,True,INC_001740,District_1,Delhi
2025-03-28 05:28:12.551590,28.654996021022573,77.19088244420423,Fraud,Low,False,INC_001741,District_1,Delhi
2024-04-04 08:28:12.551590,28.67258274160806,77.17325415275451,Fraud,Low,True,INC_001742,District_11,Delhi
2024-07-16 11:28:12.551590,28.679157866034014,77.17270612673383,Burglary,High,False,INC_001743,District_5,Delhi
2024-07-12 21:28:12.551590,28.763346827144023,77.36641956271195,Theft,Medium,True,INC_001744,District_7,Delhi
2024-07-30 13:28:12.551590,28.523539761575147,77.25129073760598,Vehicle Crime,Low,True,INC_001745,District_10,Delhi
2025-07-28 04:28:12.551590,28.554935348728748,77.34206470490797,Vehicle Crime,Medium,True,INC_001746,District_3,Delhi
2025-04-01 13:28:12.551590,28.626166179444432,77.26113972794099,Assault,High,True,INC_001747,District_1,Delhi
2023-11-13 12:28:12.551590,28.6504663280142,77.20355788322179,Theft,Low,False,INC_001748,District_3,Delhi
2024-10-31 18:28:12.551590,28.599321927064956,77.06455499638348,Burglary,High,True,INC_001749,District_1,Delhi
2023-10-01 00:28:12.551590,28.63721567036843,77.26199211241263,Assault,Low,True,INC_001750,District_10,Delhi
2025-06-19 07:28:12.551590,28.651718703938954,77.26492338416207,Vandalism,Medium,True,INC_001751,District_8,Delhi
2024-01-21 20:28:12.551590,28.66031557732491,77.18689481173995,Vehicle Crime,Medium,True,INC_001752,District_6,Delhi
2024-01-20 19:28:12.551590,28.575491079227312,77.07809920591158,Vehicle Crime,Low,True,INC_001753,District_4,Delhi
2024-05-25 21:28:12.551590,28.674497279914164,77.18152379655683,Vandalism,Low,False,INC_001754,District_3,Delhi
2023-10-31 05:28:12.551590,28.548640709704873,77.24849107597889,Theft,High,True,INC_001755,District_1,Delhi
2024-02-07 16:28:12.551590,28.607227025495597,77.27796393241921,Burglary,Medium,True,INC_001756,District_10,Delhi
2025-02-05 16:28:12.551590,28.54919041056267,77.29373348129,Fraud,Medium,False,INC_001757,District_5,Delhi
2024-06-10 01:28:12.551590,28.361191962858836,77.41436938334616,Fraud,Medium,True,INC_001758,District_6,Delhi
2024-11-07 21:28:12.551590,28.517374481483973,77.24597467506848,Theft,Low,False,INC_001759,District_3,Delhi
2024-12-25 17:28:12.551590,28.53196075085271,77.24190916932842,Burglary,High,True,INC_001760,District_2,Delhi
2024-07-03 15:28:12.551590,28.658033122542708,77.29848635909876,Fraud,Low,False,INC_001761,District_5,Delhi
2025-04-27 07:28:12.551590,28.526000600528022,77.25717977162932,Theft,High,True,INC_001762,District_1,Delhi
2024-02-10 17:28:12.551590,28.533453554807988,77.2205507531516,Assault,Medium,True,INC_001763,District_11,Delhi
2023-11-21 05:28:12.551590,28.666070242153463,77.17006306444213,Theft,Medium,True,INC_001764,District_6,Delhi
2024-06-01 06:28:12.551590,28.543134465308384,77.26305492192246,Burglary,Medium,True,INC_001765,District_2,Delhi
2024-07-27 19:28:12.551590,28.546282031197325,77.39903327312405,Assault,High,False,INC_001766,District_8,Delhi
2023-12-09 00:28:12.551590,28.635452372603915,77.27860170475077,Burglary,High,True,INC_001767,District_8,Delhi
2024-08-02 14:28:12.551590,28.55037255566999,77.2460641908505,Assault,High,True,INC_001768,District_2,Delhi
2024-03-29 08:28:12.551590,28.731805626765073,77.16446451240371,Vandalism,High,False,INC_001769,District_8,Delhi
2025-03-04 09:28:12.551590,28.51350179749259,77.25661551446711,Fraud,Low,False,INC_001770,District_5,Delhi
2023-10-05 08:28:12.551590,28.627121016092143,77.28001622007663,Fraud,Low,False,INC_001771,District_6,Delhi
2025-03-11 02:28:12.551590,28.726245871664187,77.10860477638334,Vehicle Crime,High,True,INC_001772,District_10,Delhi
2025-08-12 22:28:12.551590,28.536386035616385,77.25993537070372,Theft,High,True,INC_001773,District_4,Delhi
2024-04-16 22:28:12.551590,28.50344198335402,77.26828646392065,Assault,Low,True,INC_001774,District_9,Delhi
2025-06-23 05:28:12.551590,28.635182158352023,77.27475181890995,Vandalism,High,False,INC_001775,District_1,Delhi
2025-05-19 14:28:12.551590,28.540425296484862,77.24544205016554,Burglary,Medium,False,INC_001776,District_5,Delhi
2025-05-30 03:28:12.551590,28.679288646649336,77.16976142245878,Theft,High,True,INC_001777,District_8,Delhi
2023-10-16 04:28:12.551590,28.651145749763458,77.28200625200296,Vehicle Crime,Low,True,INC_001778,District_7,Delhi
2024-05-19 18:28:12.551590,28.542948129481307,77.26275052447275,Fraud,Low,True,INC_001779,District_11,Delhi
2023-09-24 00:28:12.551590,28.617620199227936,77.27523735448102,Assault,Medium,False,INC_001780,District_8,Delhi
2023-11-22 01:28:12.551590,28.62483139598305,77.27366429244066,Vandalism,Low,True,INC_001781,District_11,Delhi
2025-02-09 16:28:12.551590,28.63060575029783,77.33276020294497,Vandalism,Medium,True,INC_001782,District_8,Delhi
2024-08-20 03:28:12.551590,28.809724072024288,77.06304362465191,Fraud,Medium,True,INC_001783,District_2,Delhi
2023-09-05 21:28:12.551590,28.687959133686764,77.009857101492,Burglary,Low,False,INC_001784,District_5,Delhi
2024-02-06 11:28:12.551590,28.654968247534413,77.17101458002604,Burglary,Medium,True,INC_001785,District_8,Delhi
2024-12-05 18:28:12.551590,28.93885986149484,77.36063622545929,Vandalism,Low,True,INC_001786,District_2,Delhi
2025-07-08 19:28:12.551590,28.604102381111566,77.34569701920503,Fraud,High,True,INC_001787,District_8,Delhi
2024-03-26 01:28:12.551590,28.642336259806182,77.27351705992173,Burglary,Low,True,INC_001788,District_5,Delhi
2023-12-13 00:28:12.551590,28.528008273048215,77.24205024077207,Theft,Low,True,INC_001789,District_1,Delhi
2024-09-16 13:28:12.551590,28.609400735813214,76.95494644030984,Assault,Medium,True,INC_001790,District_9,Delhi
2024-07-18 15:28:12.551590,28.63229378806669,77.33181513865038,Assault,Low,True,INC_001791,District_6,Delhi
2025-07-25 20:28:12.551590,28.62240338703505,77.27399038344186,Burglary,Low,True,INC_001792,District_6,Delhi
2024-12-17 00:28:12.551590,28.618690153390418,77.27298123650331,Fraud,Medium,False,INC_001793,District_5,Delhi
2024-12-10 10:28:12.551590,28.65966966480529,77.17190412531136,Vehicle Crime,Low,False,INC_001794,District_9,Delhi
2023-10-31 12:28:12.551590,28.62119732618212,77.26323347072461,Vandalism,Medium,True,INC_001795,District_4,Delhi
2024-12-06 19:28:12.551590,28.470755230625375,77.25639719104127,Vandalism,Medium,True,INC_001796,District_4,Delhi
2025-04-23 01:28:12.551590,28.661137996083454,77.18055477647471,Vehicle Crime,High,False,INC_001797,District_11,Delhi
2024-10-03 19:28:12.551590,28.75979088519589,77.1486108009443,Vehicle Crime,Medium,True,INC_001798,District_10,Delhi
2024-02-01 16:28:12.551590,28.630609149975566,77.27148336949615,Burglary,High,False,INC_001799,District_4,Delhi
2024-08-22 04:28:12.551590,28.63832627730141,77.27336469414648,Fraud,Low,True,INC_001800,District_4,Delhi
2024-02-19 09:28:12.551590,28.62827315762453,77.26374248344084,Theft,Low,True,INC_001801,District_4,Delhi
2025-02-03 14:28:12.551590,28.6428933923235,77.20926001599183,Vandalism,Low,True,INC_001802,District_6,Delhi
2025-06-06 12:28:12.551590,28.701250458113797,77.25023312143463,Burglary,Low,True,INC_001803,District_5,Delhi
2024-07-10 23:28:12.551590,28.66762542988209,77.19128087942885,Vandalism,High,True,INC_001804,District_2,Delhi
2024-02-05 17:28:12.551590,28.68570444161833,77.17341386566542,Assault,Low,True,INC_001805,District_11,Delhi
2023-12-20 01:28:12.551590,28.781573423018347,77.11403465719913,Burglary,Medium,False,INC_001806,District_8,Delhi
2024-05-07 13:28:12.551590,28.721155824505473,77.13046914423117,Vandalism,High,True,INC_001807,District_5,Delhi
2023-11-24 19:28:12.551590,28.6337545560374,77.27794722614122,Burglary,Medium,True,INC_001808,District_8,Delhi
2025-05-08 00:28:12.551590,28.60633176504964,77.16962983662894,Fraud,High,True,INC_001809,District_3,Delhi
2024-05-12 10:28:12.551590,28.59467615414857,77.09371796792833,Vehicle Crime,Low,True,INC_001810,District_9,Delhi
2024-11-20 17:28:12.551590,28.52566200489653,77.25295886519183,Burglary,Low,True,INC_001811,District_9,Delhi
2025-02-22 05:28:12.551590,28.630456101822606,77.27639429759216,Assault,High,True,INC_001812,District_1,Delhi
2024-04-03 22:28:12.551590,28.52940052214967,77.2427244889738,Assault,Low,True,INC_001813,District_3,Delhi
2024-01-04 23:28:12.551590,28.650839865181798,77.16712835625145,Vehicle Crime,Medium,False,INC_001814,District_7,Delhi
2024-07-01 10:28:12.551590,28.66098446118805,77.18381704346773,Vehicle Crime,Low,True,INC_001815,District_7,Delhi
2023-12-15 05:28:12.551590,28.483045601973178,77.21484807657305,Fraud,Low,True,INC_001816,District_2,Delhi
2024-12-08 08:28:12.551590,28.616813480173537,77.27842685753762,Burglary,Low,True,INC_001817,District_8,Delhi
2025-01-18 06:28:12.551590,28.505853343502896,77.18754782201087,Vehicle Crime,Low,False,INC_001818,District_5,Delhi
2025-06-01 12:28:12.551590,28.742705844804707,77.19286973490208,Vehicle Crime,Low,False,INC_001819,District_6,Delhi
2024-04-21 20:28:12.551590,28.690256158915606,77.02474936076582,Burglary,Medium,True,INC_001820,District_10,Delhi
2023-10-12 04:28:12.551590,28.633926382393735,77.0518823566267,Assault,Medium,False,INC_001821,District_9,Delhi
2023-08-27 10:28:12.551590,28.661792651724802,77.19363966539157,Theft,Low,True,INC_001822,District_6,Delhi
2024-03-09 14:28:12.551590,28.544293283088685,77.23252334507971,Fraud,Medium,True,INC_001823,District_7,Delhi
2023-09-12 09:28:12.551590,28.541972539386162,77.24149995404588,Fraud,Low,True,INC_001824,District_1,Delhi
2024-03-17 05:28:12.551590,28.517537600341818,77.2469799699388,Vandalism,High,True,INC_001825,District_11,Delhi
2024-09-28 07:28:12.551590,28.522257457493215,77.2378091136709,Assault,High,True,INC_001826,District_2,Delhi
2024-02-19 21:28:12.551590,28.6254796137529,77.27187472549636,Burglary,Medium,True,INC_001827,District_8,Delhi
2024-09-03 19:28:12.551590,28.628006897375734,77.27243014136933,Burglary,High,True,INC_001828,District_4,Delhi
2025-07-29 04:28:12.551590,28.560904882512947,77.26110933473657,Vehicle Crime,Medium,False,INC_001829,District_11,Delhi
2024-10-13 05:28:12.551590,28.53887143712917,77.18045143139665,Assault,High,True,INC_001830,District_6,Delhi
2025-01-05 05:28:12.551590,28.58600781158611,77.35460535926018,Vandalism,Medium,True,INC_001831,District_4,Delhi
2024-09-04 00:28:12.551590,28.60762177394532,77.26964258879136,Vehicle Crime,Medium,True,INC_001832,District_9,Delhi
2023-09-18 01:28:12.551590,28.87332673227103,77.3001892087699,Burglary,Medium,False,INC_001833,District_1,Delhi
2025-05-17 00:28:12.551590,28.65396666020412,77.17461251174558,Theft,High,True,INC_001834,District_5,Delhi
2024-09-07 09:28:12.551590,28.633586722638302,77.27450665796663,Vehicle Crime,High,True,INC_001835,District_2,Delhi
2025-08-09 19:28:12.551590,28.42504748287212,77.26718059120725,Vehicle Crime,Low,False,INC_001836,District_10,Delhi
2023-08-28 01:28:12.551590,28.622898145227207,77.27603167693704,Theft,Low,False,INC_001837,District_7,Delhi
2024-12-31 08:28:12.551590,28.528697572972593,77.25722554510749,Theft,Medium,True,INC_001838,District_5,Delhi
2025-08-05 09:28:12.551590,28.600317336779213,76.97411243580792,Burglary,Low,True,INC_001839,District_4,Delhi
2023-12-21 07:28:12.551590,28.541427627162403,77.24955244994976,Vandalism,Low,True,INC_001840,District_8,Delhi
2025-03-22 10:28:12.551590,28.64308879143974,77.26872773448932,Vandalism,Medium,True,INC_001841,District_1,Delhi
2024-05-28 23:28:12.551590,28.513544153872747,77.14682301175682,Fraud,Medium,True,INC_001842,District_5,Delhi
2024-10-25 07:28:12.551590,28.518240386548136,77.18254301953185,Vehicle Crime,Low,True,INC_001843,District_10,Delhi
2025-08-11 07:28:12.551590,28.636331666460823,77.26776623863195,Burglary,High,False,INC_001844,District_8,Delhi
2025-04-15 02:28:12.551590,28.63357019849116,77.27752459751954,Fraud,High,True,INC_001845,District_11,Delhi
2024-10-31 11:28:12.551590,28.631690335238538,77.28144775166096,Fraud,Medium,True,INC_001846,District_6,Delhi
2024-01-09 14:28:12.551590,28.745362098361518,77.27064206267987,Fraud,Low,False,INC_001847,District_5,Delhi
2024-06-22 14:28:12.551590,28.667262272549692,77.10196698825268,Theft,Low,True,INC_001848,District_2,Delhi
2023-08-27 08:28:12.551590,28.671151711611007,77.17674557723534,Vehicle Crime,Low,True,INC_001849,District_3,Delhi
2024-11-02 08:28:12.551590,28.670361714753824,77.16584530942912,Fraud,Medium,True,INC_001850,District_6,Delhi
2024-03-17 15:28:12.551590,28.485429914999344,77.31930962984363,Assault,High,True,INC_001851,District_3,Delhi
2023-12-02 02:28:12.551590,28.655738944524238,77.15997187624681,Burglary,Medium,False,INC_001852,District_1,Delhi
2024-12-29 22:28:12.551590,28.54192386428681,77.43423049723347,Theft,High,False,INC_001853,District_4,Delhi
2024-03-23 00:28:12.551590,28.652438614628977,77.26153786670426,Vandalism,High,True,INC_001854,District_6,Delhi
2023-10-20 03:28:12.551590,28.63417266975151,77.29679448395399,Vehicle Crime,Low,True,INC_001855,District_8,Delhi
2024-04-19 03:28:12.551590,28.65624294598359,77.1759679787717,Fraud,Low,True,INC_001856,District_10,Delhi
2024-03-22 09:28:12.551590,28.623207278114204,77.26748670550684,Assault,Medium,False,INC_001857,District_6,Delhi
2024-08-06 17:28:12.551590,28.65654075818576,77.18082096516608,Vehicle Crime,Low,True,INC_001858,District_10,Delhi
2025-08-20 08:28:12.551590,28.623161934879164,77.27501329112883,Theft,Medium,True,INC_001859,District_10,Delhi
2025-01-26 10:28:12.551590,28.528910108484677,77.25033929547459,Burglary,High,True,INC_001860,District_4,Delhi
2023-09-25 00:28:12.551590,28.54530359099915,77.25470411324952,Theft,Low,True,INC_001861,District_11,Delhi
2024-01-04 05:28:12.551590,28.40166663882095,77.16987838649179,Assault,Low,True,INC_001862,District_8,Delhi
2024-10-06 15:28:12.551590,28.539684132456312,77.25675487059678,Vandalism,Medium,True,INC_001863,District_2,Delhi
2024-01-30 14:28:12.551590,28.530874811036078,77.23577215422578,Vandalism,Low,False,INC_001864,District_4,Delhi
2025-07-30 04:28:12.551590,28.689216724279095,77.24501451967393,Vehicle Crime,Low,True,INC_001865,District_4,Delhi
2024-08-09 04:28:12.551590,28.666000530751607,77.16340741436345,Assault,Low,True,INC_001866,District_5,Delhi
2025-02-03 17:28:12.551590,28.62684990712299,77.34764333043834,Fraud,Low,False,INC_001867,District_11,Delhi
2024-04-10 18:28:12.551590,28.63786256003847,77.27710162255609,Fraud,Medium,True,INC_001868,District_9,Delhi
2024-09-18 23:28:12.551590,28.707091330080523,77.26649188228585,Vehicle Crime,Medium,True,INC_001869,District_8,Delhi
2024-04-16 20:28:12.551590,28.531309363932092,77.4119600732459,Vehicle Crime,High,False,INC_001870,District_1,Delhi
2023-10-10 01:28:12.551590,28.628891097224123,77.24983259884459,Vandalism,High,True,INC_001871,District_7,Delhi
2025-04-28 08:28:12.551590,28.66472446528631,77.1664628223148,Theft,Medium,True,INC_001872,District_10,Delhi
2025-07-28 18:28:12.551590,28.663874595713136,77.19456898835911,Theft,High,True,INC_001873,District_5,Delhi
2025-02-21 21:28:12.551590,28.62647324874661,77.03227542698268,Assault,Medium,True,INC_001874,District_7,Delhi
2024-06-21 09:28:12.551590,28.63561941315272,77.27201297642651,Assault,Low,True,INC_001875,District_2,Delhi
2024-06-25 07:28:12.551590,28.65613075713565,77.17524839858174,Vehicle Crime,High,False,INC_001876,District_3,Delhi
2025-03-17 16:28:12.551590,28.53447676354139,77.24443516270472,Fraud,Low,False,INC_001877,District_1,Delhi
2025-08-20 21:28:12.551590,28.444884092352616,77.14659423723413,Vandalism,Medium,True,INC_001878,District_9,Delhi
2024-04-26 21:28:12.551590,28.38418087663957,77.18527466746896,Theft,Medium,True,INC_001879,District_5,Delhi
2025-07-30 12:28:12.551590,28.623997979195476,77.14210644837043,Vandalism,Low,False,INC_001880,District_1,Delhi
2024-02-14 23:28:12.551590,28.522457527798487,77.25114292408661,Vehicle Crime,Medium,True,INC_001881,District_2,Delhi
2025-04-09 11:28:12.551590,28.673080474207705,77.09061293341506,Burglary,Low,False,INC_001882,District_10,Delhi
2024-11-03 02:28:12.551590,28.570797288984913,77.19967801838894,Theft,Medium,True,INC_001883,District_9,Delhi
2025-04-11 03:28:12.551590,28.528561753274314,77.25284559754634,Vandalism,Medium,False,INC_001884,District_1,Delhi
2024-01-04 03:28:12.551590,28.663307393603453,77.19055186478414,Fraud,High,True,INC_001885,District_10,Delhi
2024-02-24 13:28:12.551590,28.671186724655072,77.18863022329283,Vandalism,High,True,INC_001886,District_5,Delhi
2023-11-13 22:28:12.551590,28.72311658420363,77.26298342568788,Vehicle Crime,High,True,INC_001887,District_5,Delhi
2023-09-10 03:28:12.551590,28.670219225491977,77.18558632588565,Vandalism,Medium,False,INC_001888,District_11,Delhi
2025-06-13 23:28:12.551590,28.639864404278214,77.25417754973773,Fraud,Medium,False,INC_001889,District_9,Delhi
2025-03-17 22:28:12.551590,28.526161618649244,77.24136352844141,Theft,Medium,False,INC_001890,District_7,Delhi
2025-01-13 09:28:12.551590,28.648718079554335,77.2687998109883,Vehicle Crime,High,False,INC_001891,District_4,Delhi
2024-12-28 09:28:12.551590,28.642793403048014,77.23643887011265,Vehicle Crime,Medium,False,INC_001892,District_7,Delhi
2023-10-06 22:28:12.551590,28.529780594996932,77.23148503093891,Burglary,High,False,INC_001893,District_7,Delhi
2024-04-24 04:28:12.551590,28.630033725475702,77.27207326817711,Assault,Medium,True,INC_001894,District_8,Delhi
2024-11-06 19:28:12.551590,28.620760945712217,77.37609367803111,Fraud,High,True,INC_001895,District_4,Delhi
2023-11-05 00:28:12.551590,28.639549268490054,77.26673176548759,Fraud,Low,True,INC_001896,District_6,Delhi
2024-10-06 04:28:12.551590,28.682030972721247,77.100795822096,Fraud,Low,False,INC_001897,District_2,Delhi
2024-11-23 10:28:12.551590,28.616221394840696,77.26732639267347,Assault,Medium,False,INC_001898,District_5,Delhi
2024-07-04 14:28:12.551590,28.751508967048714,77.17255527011068,Burglary,Low,True,INC_001899,District_11,Delhi
2023-11-12 19:28:12.551590,28.54211120996152,77.25085173572103,Assault,High,False,INC_001900,District_8,Delhi
2025-03-06 04:28:12.551590,28.333157611734137,77.4739791093559,Theft,Low,False,INC_001901,District_1,Delhi
2025-07-14 23:28:12.551590,28.643135807931635,77.27484217226502,Burglary,Medium,True,INC_001902,District_3,Delhi
2024-01-20 01:28:12.551590,28.72378646794474,77.18959286123352,Vehicle Crime,Medium,False,INC_001903,District_7,Delhi
2024-11-15 01:28:12.551590,28.61727142963037,77.23725418977708,Assault,High,True,INC_001904,District_9,Delhi
2023-11-17 08:28:12.551590,28.531079052736956,77.0997809509523,Vandalism,Low,True,INC_001905,District_5,Delhi
2023-10-11 21:28:12.551590,28.601349935737208,77.42026116130515,Fraud,Medium,True,INC_001906,District_1,Delhi
2025-04-26 17:28:12.551590,28.610029769086236,77.16033348783895,Fraud,Low,False,INC_001907,District_5,Delhi
2025-01-29 11:28:12.551590,28.540915159917784,77.23499313702528,Assault,Medium,True,INC_001908,District_1,Delhi
2025-07-26 14:28:12.551590,28.682110055256793,77.15947614615214,Theft,High,True,INC_001909,District_2,Delhi
2025-08-09 09:28:12.551590,28.83458903546843,77.2192703944362,Vandalism,Low,True,INC_001910,District_9,Delhi
2024-09-02 19:28:12.551590,28.53266002359337,77.2477769385501,Fraud,Low,False,INC_001911,District_10,Delhi
2025-04-13 20:28:12.551590,28.76611148435668,77.2144491847628,Burglary,High,True,INC_001912,District_8,Delhi
2024-11-11 14:28:12.551590,28.469988231323317,77.24869159469164,Assault,High,True,INC_001913,District_10,Delhi
2025-06-27 04:28:12.551590,28.796063338148635,77.16864104766444,Vehicle Crime,Medium,True,INC_001914,District_5,Delhi
2023-09-08 05:28:12.551590,28.663561083237795,77.19862294973667,Vandalism,Medium,True,INC_001915,District_4,Delhi
2024-11-05 15:28:12.551590,28.66761732586295,77.18653884583871,Vandalism,Low,True,INC_001916,District_2,Delhi
2024-01-31 18:28:12.551590,28.550830488245346,77.24558803380104,Vandalism,Low,True,INC_001917,District_11,Delhi
2023-10-30 17:28:12.551590,28.628966803051334,77.25697546159081,Assault,Medium,False,INC_001918,District_5,Delhi
2023-10-28 23:28:12.551590,28.61694382328786,77.2827450741031,Vehicle Crime,Medium,True,INC_001919,District_3,Delhi
2024-01-30 09:28:12.551590,28.527541474723897,77.24536415529839,Burglary,High,True,INC_001920,District_4,Delhi
2025-01-03 11:28:12.551590,28.58481034927894,77.14365700170545,Vandalism,High,False,INC_001921,District_3,Delhi
2025-08-09 05:28:12.551590,28.501103167445287,77.03542255645797,Vehicle Crime,High,True,INC_001922,District_1,Delhi
2024-08-01 05:28:12.551590,28.63385140919001,77.27826634230568,Vandalism,Low,True,INC_001923,District_10,Delhi
2024-02-04 01:28:12.551590,28.63049138552883,77.27977338884008,Vehicle Crime,High,True,INC_001924,District_10,Delhi
2024-03-08 17:28:12.551590,28.41908196877209,76.9018430541397,Fraud,Medium,False,INC_001925,District_11,Delhi
2023-10-04 02:28:12.551590,28.606009837256227,77.27503925408247,Theft,Medium,False,INC_001926,District_1,Delhi
2025-07-08 09:28:12.551590,28.627706674283726,77.02427485758183,Vehicle Crime,Low,True,INC_001927,District_10,Delhi
2025-08-12 00:28:12.551590,28.514812962899274,77.30307844772499,Burglary,Medium,False,INC_001928,District_6,Delhi
2024-02-04 16:28:12.551590,28.534769738640247,77.22912584743949,Assault,Low,True,INC_001929,District_8,Delhi
2023-12-19 05:28:12.551590,28.64881757896442,77.05123182395398,Theft,High,True,INC_001930,District_5,Delhi
2024-03-31 16:28:12.551590,28.668527167140788,77.1825290235915,Burglary,Medium,True,INC_001931,District_11,Delhi
2024-05-30 17:28:12.551590,28.60071017583515,77.35601901526708,Theft,Medium,True,INC_001932,District_9,Delhi
2024-03-10 05:28:12.551590,28.63860778339485,77.26227431947966,Theft,Low,True,INC_001933,District_7,Delhi
2025-07-28 00:28:12.551590,28.6612025123235,77.4103518875878,Theft,High,True,INC_001934,District_9,Delhi
2024-01-07 10:28:12.551590,28.52004850576682,77.21208830318214,Theft,Low,True,INC_001935,District_11,Delhi
2024-07-27 05:28:12.551590,28.5418267362937,77.2663783248448,Theft,High,True,INC_001936,District_1,Delhi
2024-05-30 01:28:12.551590,28.544557845699654,77.27980170396249,Vehicle Crime,Medium,False,INC_001937,District_11,Delhi
2023-09-27 20:28:12.551590,28.526150067333266,77.2480130051226,Burglary,High,True,INC_001938,District_11,Delhi
2024-06-14 15:28:12.551590,28.663972325478383,77.17019120994648,Vehicle Crime,High,False,INC_001939,District_6,Delhi
2024-07-28 18:28:12.551590,28.52355367307404,77.24851489001203,Fraud,High,False,INC_001940,District_8,Delhi
2025-03-30 05:28:12.551590,28.526073928932995,77.26007278468124,Assault,Low,True,INC_001941,District_4,Delhi
2024-08-22 02:28:12.551590,28.550160509448933,77.19084167293026,Burglary,High,True,INC_001942,District_4,Delhi
2024-04-09 01:28:12.551590,28.523283580579747,77.24617265954583,Theft,Low,True,INC_001943,District_3,Delhi
2023-09-21 16:28:12.551590,28.688906106981964,77.28489145646809,Theft,Low,True,INC_001944,District_3,Delhi
2024-03-19 12:28:12.551590,28.546168477112467,77.24377795711224,Burglary,Medium,True,INC_001945,District_2,Delhi
2024-10-15 17:28:12.551590,28.663047388435285,77.17296096741373,Theft,Low,True,INC_001946,District_1,Delhi
2024-08-06 13:28:12.551590,28.65359877350107,77.18294288841798,Theft,High,False,INC_001947,District_2,Delhi
2024-11-04 17:28:12.551590,28.678161166707497,77.19220414957398,Theft,Low,True,INC_001948,District_4,Delhi
2023-10-25 16:28:12.551590,28.716251313636256,77.37475633024646,Assault,Medium,True,INC_001949,District_2,Delhi
2024-01-29 12:28:12.551590,28.505584751519372,77.18507246359661,Vandalism,Medium,True,INC_001950,District_1,Delhi
2023-12-19 23:28:12.551590,28.79775222873667,77.01137409652387,Vandalism,High,True,INC_001951,District_6,Delhi
2024-02-07 18:28:12.551590,28.515123225411365,77.35298575441152,Vandalism,Low,False,INC_001952,District_9,Delhi
2025-02-21 15:28:12.551590,28.542254566958583,77.24464236784347,Assault,Low,True,INC_001953,District_1,Delhi
2025-01-13 06:28:12.551590,28.564182078406642,77.21374777583242,Fraud,Low,True,INC_001954,District_1,Delhi
2025-01-22 01:28:12.551590,28.67232937004567,77.2080033709746,Vehicle Crime,High,False,INC_001955,District_1,Delhi
2023-10-09 17:28:12.551590,28.631175154851302,77.21382811187988,Assault,Medium,False,INC_001956,District_2,Delhi
2025-01-07 18:28:12.551590,28.612876706997362,77.06715925610301,Fraud,Low,True,INC_001957,District_1,Delhi
2023-11-16 08:28:12.551590,28.835129424602194,77.3457929610649,Vandalism,High,False,INC_001958,District_1,Delhi
2025-04-04 00:28:12.551590,28.497547978421753,77.17381179748087,Burglary,Medium,True,INC_001959,District_3,Delhi
2024-08-03 02:28:12.551590,28.653065787418683,77.18796843289378,Theft,High,True,INC_001960,District_10,Delhi
2025-07-11 11:28:12.551590,28.6941048499803,77.13708919537439,Fraud,Medium,True,INC_001961,District_2,Delhi
2023-10-07 14:28:12.551590,28.63152194571375,77.266793612768,Assault,Low,False,INC_001962,District_1,Delhi
2024-08-30 08:28:12.551590,28.552462151619352,77.26135544542372,Vandalism,High,True,INC_001963,District_5,Delhi
2025-06-26 14:28:12.551590,28.570178227641044,77.12283468417336,Theft,High,True,INC_001964,District_11,Delhi
2024-11-09 01:28:12.551590,28.5127506381666,77.25707022350936,Vandalism,Medium,True,INC_001965,District_10,Delhi
2025-08-23 10:28:12.551590,28.692384802087386,77.17014407628568,Assault,Medium,False,INC_001966,District_5,Delhi
2025-03-01 08:28:12.551590,28.54899372675512,77.24367192729876,Vandalism,Low,True,INC_001967,District_6,Delhi
2024-08-10 22:28:12.551590,28.68350347377311,77.16934437259336,Theft,High,True,INC_001968,District_6,Delhi
2024-06-02 23:28:12.551590,28.628321227587136,77.25779869641329,Assault,Medium,True,INC_001969,District_2,Delhi
2025-04-19 09:28:12.551590,28.53975999874321,77.24176446121977,Theft,Low,False,INC_001970,District_8,Delhi
2023-12-01 12:28:12.551590,28.628042241270627,77.27237812673862,Assault,Low,False,INC_001971,District_6,Delhi
2023-09-12 14:28:12.551590,28.70369123718085,77.05292475768495,Burglary,High,True,INC_001972,District_6,Delhi
2024-03-03 01:28:12.551590,28.59705396125222,77.0355438202285,Burglary,Medium,True,INC_001973,District_5,Delhi
2025-08-13 03:28:12.551590,28.639525587341154,77.26393384363026,Burglary,Low,False,INC_001974,District_1,Delhi
2025-04-19 17:28:12.551590,28.37399788855607,77.30396120175426,Theft,Low,False,INC_001975,District_5,Delhi
2024-05-15 22:28:12.551590,28.521574939481226,77.24985496660722,Theft,High,False,INC_001976,District_10,Delhi
2025-04-25 21:28:12.551590,28.5175492036787,77.16955251671325,Burglary,Medium,True,INC_001977,District_2,Delhi
2024-08-28 17:28:12.551590,28.622036794375003,77.26556686335962,Vehicle Crime,Medium,True,INC_001978,District_6,Delhi
2023-09-28 09:28:12.551590,28.636077981387977,77.25210255173396,Burglary,High,True,INC_001979,District_5,Delhi
2025-05-31 06:28:12.551590,28.634655460225765,77.26127103827231,Theft,High,True,INC_001980,District_9,Delhi
2025-05-02 00:28:12.551590,28.543100451428902,77.25355425738964,Burglary,Medium,True,INC_001981,District_3,Delhi
2025-04-05 03:28:12.551590,28.535945566071142,77.25154587113173,Theft,Medium,True,INC_001982,District_9,Delhi
2024-06-30 08:28:12.551590,28.67576008542725,77.61997597417866,Assault,High,True,INC_001983,District_6,Delhi
2025-08-01 11:28:12.551590,28.637337278745427,77.27939928136078,Fraud,Low,True,INC_001984,District_11,Delhi
2024-01-15 19:28:12.551590,28.64450754546512,77.26368184531259,Theft,Low,False,INC_001985,District_5,Delhi
2024-08-15 04:28:12.551590,28.51852830393723,77.2442942844099,Assault,Low,True,INC_001986,District_11,Delhi
2025-06-07 22:28:12.551590,28.673860110024382,77.18606375862873,Assault,Medium,False,INC_001987,District_3,Delhi
2025-04-04 11:28:12.551590,28.63839583873911,77.25897447067473,Assault,Medium,True,INC_001988,District_11,Delhi
2025-02-13 20:28:12.551590,28.666488621307803,77.18236940451287,Theft,Medium,True,INC_001989,District_5,Delhi
2025-04-01 15:28:12.551590,28.66854006381402,77.09994801943111,Fraud,Medium,True,INC_001990,District_8,Delhi
2023-09-05 07:28:12.551590,28.527390862432647,77.25175699639426,Fraud,Medium,False,INC_001991,District_5,Delhi
2024-01-17 06:28:12.551590,28.652654491299266,77.17809635677939,Vandalism,Low,True,INC_001992,District_10,Delhi
2025-05-28 07:28:12.551590,28.525978172540306,77.23825066412196,Theft,Low,True,INC_001993,District_5,Delhi
2024-05-26 16:28:12.551590,28.543045640279068,77.26325885185041,Fraud,Medium,True,INC_001994,District_7,Delhi
2025-07-27 01:28:12.551590,28.649364669428536,77.27235137855115,Burglary,High,True,INC_001995,District_10,Delhi
2024-01-06 04:28:12.551590,28.528488936000286,77.24985764266144,Burglary,High,True,INC_001996,District_11,Delhi
2024-10-06 03:28:12.551590,28.74662224655937,77.08868530513308,Theft,High,True,INC_001997,District_8,Delhi
2025-05-15 11:28:12.551590,28.54951389502123,77.12199507793093,Fraud,Low,True,INC_001998,District_2,Delhi
2024-08-07 08:28:12.551590,28.77013507950978,77.28830428186167,Theft,Medium,True,INC_001999,District_1,Delhi
